"Name","Version","Entry","SizeGB","SizeMB","LastWriteTime"
"annotated-types","0.7.0","__Dv5HuDseGJUHiYeFjym","0","0","2026/5/6 19:02:51"
"msgpack","1.1.1","_6z07XbA97lVsCPt_XrUg","0.0002","0.2","2026/5/6 19:02:50"
"fsspec","2026.4.0","_a1aY4Mxuc4xCYhCl7yqt","0.0007","0.7","2026/5/19 20:02:05"
"requests","2.32.5","_cT8w1VM_SwCxvSFZrLiv","0.0002","0.2","2026/2/13 17:17:08"
"SQLAlchemy","2.0.46","_GwU5MNwDE1PgKXTDiGS4","0.0082","8.4","2026/2/2 19:21:26"
"typing-inspection","0.4.2","_Hku0I3HiJKx07mS4OxdK","0","0.1","2026/2/2 19:21:21"
"soupsieve","2.8.3","_oDmtggRcIRKMdsGCyXLW","0.0001","0.1","2026/5/20 14:00:23"
"gdown","5.1.0","_SSmAIUWHvr71woZEV82h","0","0","2026/5/20 14:00:23"
"alive-progress","3.3.0","_um2_wQ4qTBR7TYhv7Qpe","0.0002","0.2","2026/3/2 19:25:31"
"future","1.0.0","_uTVAKII2P4ZYR3HEgqlD","0.0014","1.5","2026/1/30 11:49:39"
"setuptools","70.2.0","_WzTk1uj0EJmtsIHSF0u5","0.003","3.1","2026/2/26 13:23:06"
"stack-data","0.6.3","_xQZGnFweMVJKNXW_-R3g","0.0001","0.1","2026/5/6 19:02:49"
"requests-oauthlib","2.0.0","_Xre4iRZsKqR9TDZAUuZy","0.0001","0.1","2026/1/30 11:49:38"
"kiwisolver","1.4.9","_Y77Ygb9PtWVEJ4YILOAf","0.0002","0.2","2026/1/30 11:49:38"
"orjson","3.11.7","-_Z1zPDsCsiPrfeq0yTY-","0.0003","0.3","2026/2/26 12:28:03"
"anyio","4.10.0","-AFHTEYDi3h5hD7U7WFjB","0.0004","0.4","2026/5/6 19:02:48"
"numpy-typing-compat","20251206.2.4","-bMsEv8J7Uv3-Ed7Losv8","0","0","2026/2/24 17:32:18"
"silero-vad","6.2.1","-CGZ3V_zM0KCcYrJ2dNad","0.0105","10.8","2026/5/19 20:35:49"
"pyworld","0.3.4","-DcMEm7gAnkIPhztndUFa","0.0004","0.4","2026/5/20 14:00:21"
"torchaudio","2.8.0+cu128","-hAzzOjxBmWZbakTXdJcY","0.0222","22.7","2026/1/30 11:49:40"
"safetensors","0.5.2","-iGtLJuZXkxPgNOtvhT0a","0.0007","0.7","2026/1/30 11:49:37"
"shellingham","1.5.4","-iP2sot9-8ixqEnLL5SC_","0","0","2026/1/30 11:49:38"
"ruff","0.13.0","-nbrAtw6wl9m2gnSECL0N","0.036","36.9","2026/5/6 19:26:59"
"flatten-dict","0.4.2","-oxZcGW9lHwdbxI_WvLvV","0","0","2026/5/6 19:02:48"
"munch","4.0.0","-qaCKkVVwSsvFM6mVLGfK","0","0","2026/5/6 19:02:50"
"pyasn1_modules","0.4.2","-RO5ZELmfrp0DP32_Mw_B","0.0007","0.7","2026/1/30 11:49:39"
"pyarrow","23.0.1","-RV4yh5ut65QPJErPuGvl","0.0788","80.7","2026/2/26 12:28:19"
"numpy","2.3.5","-TtEORbdLFF3WPEZ-gbkq","0.04","40.9","2026/2/26 13:23:10"
"absl-py","2.4.0","-vmkPnMwJoKatl-37EaXI","0.0004","0.5","2026/5/20 14:00:19"
"fastapi","0.116.2","00ZD0ZEufOKRPYL2qL9G9","0.0006","0.6","2026/1/30 11:49:40"
"llvmlite","0.47.0","0AnYPVIpj_VttME470mq5","0.1004","102.8","2026/5/19 20:55:23"
"setuptools","81.0.0","0bz3M8Y88sNcnawGtTXvq","0.0034","3.5","2026/5/19 20:02:06"
"matplotlib","3.10.8","0CAC8sdgud6mrGmz2itdL","0.0189","19.3","2026/2/9 16:59:08"
"executing","2.2.1","0cHp_FZ1LKPeVjnNsWseC","0.0001","0.1","2026/1/30 11:49:38"
"annotated-types","0.7.0","0fDuHlCPqZqByYRI27GiH","0","0","2026/1/30 11:49:38"
"pyparsing","3.2.4","0FkJdlLb7TsfyszHgoXaZ","0.0004","0.4","2026/1/30 11:49:38"
"lazy_loader","0.4","0Jw3MwnQ9bqJ9fdgotCSw","0","0","2026/5/6 19:02:51"
"markdown-it-py","4.0.0","0N6u4pW1zsnGCgJxklyNq","0.0002","0.2","2026/2/26 12:28:03"
"tzdata","2025.2","0p909mY8xXEYv-1yc3XSO","0.0005","0.6","2026/1/30 11:49:42"
"cryptography","46.0.7","0SyuU6MwDQRfQ_JhcK4WX","0.0089","9.1","2026/4/14 18:27:22"
"urllib3","2.6.3","0U5Jfv0oaPl2-mZ1zsiOx","0.0004","0.4","2026/2/2 19:21:22"
"accelerate","1.8.1","0uwZvGhEmwmuDQ8cKDwGx","0.0013","1.4","2026/1/30 11:49:38"
"pyasn1","0.6.1","1_kr4W-xkOFb3qvvm39Se","0.0004","0.4","2026/1/30 11:49:38"
"certifi","2026.4.22","1-USxEfJlyV7qt-LMpqVu","0.0002","0.2","2026/5/19 20:02:05"
"regex","2026.5.9","18I0HWulcdz1QPTIzudXV","0.0011","1.1","2026/5/19 20:02:05"
"absl-py","2.3.1","1A8K3Kn4DZMu8I38Ras6B","0.0004","0.5","2026/1/30 11:49:41"
"urllib3","2.5.0","1CEryLbo5Bh569_ca1qU9","0.0004","0.4","2026/1/30 11:49:38"
"starlette","0.41.3","1Ee2FKWLFDOGBfIBvBsN8","0.0002","0.2","2026/5/20 14:00:22"
"rsa","4.9.1","1EgjF7lflSkEmgVPN6MeB","0.0001","0.1","2026/1/30 11:49:38"
"charset-normalizer","3.4.2","1iLdWepz8fxjjHrv6tNf5","0.0003","0.3","2026/3/2 19:25:31"
"cryptography","46.0.4","1iXxW0Ij5Imx-1mBrCS83","0.0089","9.1","2026/2/2 19:21:21"
"rich","14.1.0","1MxP9kzbvKt5H49n701qb","0.0009","0.9","2026/1/30 11:49:38"
"cachetools","5.5.2","1oCGN_Sx1JsPqqpWNchY1","0","0","2026/1/30 11:49:38"
"frozenlist","1.8.0","1OrBZFCfZMui2axiUW3t-","0.0001","0.1","2026/2/2 19:21:21"
"accelerate","1.13.0","1pdwt_UVSbpSVQjqNe6YH","0.0014","1.4","2026/5/19 20:02:05"
"granite-speech-asr","0.1.0","1tf6rS3BzmMHr3LbzoE7x","0","0","2026/5/19 20:02:08"
"einops","0.8.2","1ux4N1oiHmboQ32HoTp_M","0.0002","0.2","2026/5/20 14:00:22"
"setuptools-rust","1.12.0","1WiOhuzDMSyk7JhVHEaJG","0.0001","0.1","2026/2/26 13:17:56"
"PyMuPDF","1.27.1","1x9Rcu8w95Ev32W4doKI-","0.045","46.1","2026/2/26 12:07:29"
"onnx","1.16.0","2-EVMxliCT-uqonmIuvC9","0.026","26.7","2026/5/20 14:00:49"
"matplotlib","3.8.2","22JNPUvov6Twtexer-gw8","0.0177","18.1","2026/1/30 11:49:53"
"trove-classifiers","2026.4.28.13","2e_CRCFDkANd6UwCvWj03","0.0001","0.1","2026/5/6 19:26:59"
"tomli","2.4.1","2FoZTjLhQpHvoG0Ho-rDe","0","0","2026/5/6 19:26:59"
"tokenizers","0.22.2","2hnAgLADNlKUv09lgDLzu","0.0071","7.3","2026/2/2 19:21:21"
"openseespy","3.7.0.3","2hVVShm8esdMKYOFrfpf7","0","0","2026/2/14 14:22:36"
"json5","0.10.0","2j3esIRbKIT-3-SYPZwHL","0.0001","0.1","2026/5/6 19:02:49"
"cffi","2.0.0","2kIw6AnEx9Y6TvhVwsKjz","0.0005","0.5","2026/2/2 19:21:21"
"multiprocess","0.70.18","2lH1yQ3F-GCkGs-6lHb67","0.0005","0.5","2026/2/26 12:28:04"
"lightning","2.2.1","2njEgQbnfEtkg9nBlL1O-","0.0064","6.5","2026/2/26 13:17:22"
"sox","1.5.0","2oozpq--lD-HS59AfHVP1","0.0002","0.2","2026/5/19 20:55:01"
"groovy","0.1.2","2rSHB8-mb0FGhoJ175cYo","0","0","2026/5/6 19:26:58"
"PyYAML","6.0.3","2RSiLEOV-2vcwQi7Gzcol","0.0004","0.5","2026/1/30 12:26:31"
"absl-py","2.3.1","2t2n1IsVmEMhsqPwIlR14","0.0004","0.5","2026/5/6 19:02:48"
"attrs","25.4.0","2V62I18DmlTs4VulnlMjH","0.0002","0.2","2026/2/2 19:21:21"
"comfyui-workflow-templates-media-image","0.3.75","2vNAGVH3OwUYzxz4-9YDD","0.0168","17.2","2026/2/2 19:21:43"
"PyGithub","2.8.1","2vxo-G--khd2LskGC_I5t","0.0018","1.9","2026/2/2 19:21:22"
"scipy","1.17.1","30g8NqdLBqOrFM1VCSTCj","0.1026","105","2026/5/19 20:55:23"
"oauthlib","3.3.1","31fBT1BiOKnHAvtZBNv0k","0.0005","0.5","2026/5/6 19:02:48"
"llvmlite","0.41.1","3D1HAU-ib-Ap11cx1B_qF","0.0753","77.1","2026/5/6 19:03:14"
"charset-normalizer","3.4.4","3DdTKu0zTGRhlBnrw1Nmo","0.0003","0.3","2026/2/13 17:17:08"
"importlib_resources","6.5.2","3doXBzhERKf4wt5Q9T8jO","0.0001","0.1","2026/1/30 11:49:37"
"editables","0.5","3G9GTAHSvZ9YLM_f1U9GM","0","0","2026/1/30 11:49:41"
"pytorch-lightning","2.6.1","3gJuuO6ZpOxSWlU26yVkT","0.0027","2.8","2026/2/26 12:28:05"
"idna","3.10","3n72UwP0MdD3sfUGHbV8v","0.0003","0.3","2026/1/30 11:49:38"
"pyreadline3","3.5.6","3o1xKRgJF4WPsszHtUmTa","0.0003","0.3","2026/5/20 14:00:22"
"munch","4.0.0","3OE1DdKiSLhk9zokScxW-","0","0","2026/2/26 12:28:04"
"hatchling","1.29.0","3q_bultTVfXKgwwjwyv7a","0.0003","0.3","2026/3/2 19:25:32"
"ruamel.yaml","0.18.14","3WTRnORskJ8kd3j-ImtqY","0.0005","0.5","2026/3/2 19:25:31"
"ffmpeg-python","0.2.0","3X_iuKQsnDd1kqMW1mAmc","0.0001","0.1","2026/5/6 19:02:49"
"numpy","1.26.2","4-SbvSftsUufNhP9ReIOF","0.0542","55.5","2026/5/6 19:02:59"
"stack-data","0.6.3","46x9fF9fvrD6R_sEchHXC","0.0001","0.1","2026/1/30 11:49:39"
"httpx","0.28.1","4ampx-cbVA7Nnexb9aLeB","0.0003","0.3","2026/5/6 19:02:51"
"cryptography","46.0.4","4Asu-2bhfiM7wIIlOpp3A","0.0089","9.1","2026/2/1 14:03:39"
"granite-speech-asr","0.1.0","4BAw9N7ga2co_yoZD0AkE","0","0","2026/5/19 20:19:00"
"safehttpx","0.1.6","4FDugtIn2KELeEcM8SGDv","0","0","2026/5/6 19:26:58"
"semantic-version","2.10.0","4FlTVXxbAiRBCwt16SIBe","0.0001","0.1","2026/1/30 11:49:40"
"packaging","26.2","4gCAMxY8H3HQ8ean66gOb","0.0004","0.4","2026/5/6 19:26:59"
"safetensors","0.7.0","4OzI6rvYbMe1q3k3kTtWx","0.0007","0.8","2026/5/19 20:02:04"
"click","8.3.1","4T-DpyVgcergnYXGK65pO","0.0004","0.4","2026/2/2 19:21:21"
"wetext","0.1.0","4tKlIPH7EE8UTtsFiNPhl","0.0107","11","2026/5/6 19:02:51"
"torch","2.11.0+cu128","4xYaqf3704ggMBaOQK3o0","4.073","4170.8","2026/4/23 14:28:11"
"gradio_client","1.13.0","4yOUweOx6MXbrstWv0fIT","0.0009","0.9","2026/1/30 11:49:41"
"typer-slim","0.21.1","4ZKf5efMvEPxmnIg6murt","0.0002","0.2","2026/2/2 19:21:21"
"httptools","0.7.1","53a-c8OTU0IT-Wkhf02lo","0.0002","0.2","2026/5/19 20:02:05"
"cn2an","0.5.22","5aI3sxpILdPFjdOw-uG7O","0.0004","0.4","2026/1/30 11:49:38"
"pandas","3.0.0","5AmJXkKZi7SMzHLA9SvMP","0.0328","33.6","2026/2/9 16:58:56"
"transformers","4.51.3","5AoeqM90vmDDVAcarFZe2","0.0433","44.3","2026/5/20 14:00:45"
"charset-normalizer","3.4.7","5dew1nmjGrdJQ__kZBkFA","0.0004","0.4","2026/5/20 14:00:21"
"kornia","0.8.2","5EGulW3vz_MGmImI-SKh_","0.0033","3.4","2026/2/2 19:21:25"
"spandrel","0.4.1","5eodneripY8W-p_NvquI4","0.0011","1.1","2026/2/2 19:21:21"
"qwen-asr","0.0.6","5EQQNGWBcrQDxoz__K-vr","0.0005","0.5","2026/5/19 20:55:03"
"pyloudnorm","0.1.1","5F47iu4xQTnAevVOTZEzm","0","0","2026/5/6 19:02:48"
"pyphen","0.17.2","5KluRADJ8IMG5BbRYeTeh","0.0058","6","2026/5/6 19:02:53"
"pathspec","1.1.1","5L7XUkWSlANzSTk5lEON2","0.0002","0.2","2026/5/6 19:26:59"
"wcwidth","0.2.13","5NIZ6Mu7BzpYAyprBWGyM","0.0005","0.5","2026/5/6 19:02:49"
"pooch","1.9.0","5qfuqNUl5yr2ZMEvD605V","0.0003","0.3","2026/5/19 20:55:02"
"pyarrow","18.1.0","5v9lCDJRiO3cMqQ301KHG","0.0733","75","2026/5/20 14:00:57"
"fire","0.7.1","63MDzDQMhK432YV3Xtgap","0.0004","0.4","2026/1/30 11:49:39"
"pydantic","2.13.0","64pgmQjf1Uy-Y9yjQ1AeG","0.0018","1.8","2026/4/14 18:27:22"
"setuptools","80.9.0","67R5OAxcL426d_cKosZ3c","0.0039","4","2026/1/30 11:49:41"
"tokenizers","0.15.2","6b89bmDxjhl93N7Xkj3yl","0.0057","5.9","2026/2/26 12:29:35"
"pillow","12.2.0","6fNT6es0OspwuBfOyqSAG","0.0137","14","2026/5/28 15:52:51"
"nagisa","0.2.11","6inqEy1lWz3vqbkw9nZeK","0.0444","45.4","2026/5/19 20:55:19"
"prompt_toolkit","3.0.52","6kbGzEuDSANMmlgvvGL6P","0.0013","1.3","2026/5/6 19:02:46"
"argbind","0.3.9","6LwUi7QFery9wfI4F-pZf","0","0","2026/5/6 19:02:51"
"MarkupSafe","3.0.2","6nfjgXcFmMi0Ss48cV0cN","0","0","2026/1/30 11:49:40"
"pywin32-ctypes","0.2.3","6Sp4nW4bqPGNV2TLpFkpT","0.0001","0.1","2026/4/16 13:18:11"
"h11","0.16.0","6yq6wioum3y-w9Or4eH3R","0.0001","0.1","2026/5/6 19:02:51"
"psutil","7.0.0","74QnZ6kHUSJ_QApHUUnVQ","0.0009","0.9","2026/1/30 11:49:38"
"transformers","5.2.0","7ba-JOENjS6oqT0A8Exi0","0.0408","41.8","2026/2/26 12:28:13"
"requests","2.32.5","7BBYMC1sVQayx35KElcut","0.0002","0.2","2026/1/30 11:49:38"
"idna","3.11","7Czd0u2VIQJShqi0KTkSd","0.0003","0.3","2026/2/13 17:17:08"
"pathspec","1.0.4","7FWye1iORrvgjX4ZJZn1J","0.0001","0.1","2026/3/2 19:25:32"
"pydantic_core","2.41.5","7nBTmyOA0FIXJEcsA9qxR","0.0052","5.4","2026/2/1 14:03:19"
"matplotlib","3.10.9","7nvkDl1QoTukxBmrMml0e","0.019","19.5","2026/5/28 15:52:49"
"Flask","3.1.3","7TVxmaxretw_ZQt2HhSbG","0.0003","0.3","2026/4/15 11:35:42"
"docstring_parser","0.17.0","7uRi3_CwZHRh0c_IUGELR","0.0002","0.2","2026/5/6 19:02:49"
"pydantic","2.11.9","7XwLoMhFIxRitMPrmQMpx","0.0017","1.7","2026/1/30 11:49:41"
"huggingface_hub","1.3.5","7YeHpwoj3E48MMGtzCSmU","0.002","2.1","2026/2/2 19:21:23"
"cffi","2.0.0","7ZgT40dpOshgY9PTwxbDu","0.0005","0.5","2026/5/6 19:02:47"
"joblib","1.5.2","8-1mPiuxUBaEDMndIOZQo","0.0009","0.9","2026/1/30 11:49:38"
"certifi","2026.1.4","82v7tS0a0IHLDQ50rSqye","0.0003","0.3","2026/2/13 17:17:09"
"typing_extensions","4.15.0","8bp-ouJSxw7MVKM6IIZjy","0.0002","0.2","2026/5/20 13:59:26"
"rich","14.1.0","8BZP97QTQItLHK-OgxWpv","0.0009","0.9","2026/5/6 19:02:45"
"xxhash","3.6.0","8DsAcrCa98KV04TCniQEb","0.0001","0.1","2026/2/26 12:28:03"
"propcache","0.5.2","8grjvGcN1_ZflKyc9P1aQ","0.0001","0.1","2026/5/20 14:00:23"
"Cython","3.0.7","8K3rgOfULytOdAd0SIJSo","0.0084","8.6","2026/1/30 11:49:45"
"networkx","3.6.1","8Ov4vUPkJqOterJaasJIP","0.0066","6.7","2026/2/2 19:21:26"
"tifffile","2026.2.24","8uAdUq5oAsLxO82Z-fXF1","0.001","1","2026/2/26 12:30:14"
"pyasn1","0.6.3","8WTL0onRWNadcQ1u1Oj0n","0.0004","0.4","2026/4/14 18:27:22"
"networkx","3.6.1","8wzAd4xqNRnphhopB4h_G","0.0066","6.7","2026/2/26 13:23:08"
"pydantic_core","2.41.5","8Y3gLtaNvMHheosKZnF_E","0.0053","5.4","2026/2/13 17:17:08"
"traitlets","5.14.3","901TQaAJDGx54XJE2Ydps","0.0003","0.3","2026/5/6 19:02:48"
"regex","2026.2.19","91ZLM_SsJKO4QRh_-vY4j","0.0011","1.1","2026/2/26 12:28:04"
"julius","0.2.7","936Zp9mjx0tM2OgobF1ja","0.0001","0.1","2026/1/30 11:49:36"
"idna","3.15","9aQdRUbF5xXuOJA3wqAn4","0.0003","0.3","2026/5/19 20:02:04"
"av","16.1.0","9CpyaBOigeWUPHvkkiX5A","0.0751","76.9","2026/2/2 19:21:55"
"protobuf","4.25.0","9gDyEhO-0_mFE5Pq5yUgF","0.0014","1.4","2026/5/20 14:00:22"
"tomlkit","0.13.3","9IPAlttTk4kpkrjO3csGT","0.0002","0.2","2026/5/6 19:26:59"
"pooch","1.8.2","9Iq9Qn8--w5yzv1odoS-x","0.0003","0.3","2026/5/6 19:02:51"
"chardet","5.2.0","9KcFlZQ6ORkbQBbg7eopL","0.0011","1.1","2026/2/2 19:21:21"
"zipp","4.1.0","9KHwP0_TXPnBuwBMKugxv","0","0","2026/5/20 14:00:23"
"charset-normalizer","3.4.7","9OpWa-Vk7hzlwoaAyidSK","0.0004","0.4","2026/4/14 18:27:22"
"py-cpuinfo","9.0.0","9PjZJ1KU0ykR8ZRzhODT8","0.0001","0.1","2026/1/30 11:49:40"
"onnxruntime","1.18.0","9tzbRqFU25sZlgGp8wAWr","0.016","16.4","2026/5/20 14:00:39"
"fire","0.7.1","A0MYTRwyqPc3BB6Mo-MfA","0.0004","0.4","2026/5/6 19:02:48"
"sympy","1.14.0","a1AUHg-ol9R85ifkWxQ0D","0.025","25.6","2026/1/30 11:49:52"
"charset-normalizer","3.4.7","a63nFS0ft1i7JBDVk6JuB","0.0004","0.4","2026/5/19 20:02:05"
"pure_eval","0.2.3","A7tNEsA2AXLRJSGnsUL-z","0","0","2026/5/6 19:02:48"
"python-dateutil","2.9.0.post0","AaUo7-E0nTiCARR3fQA6u","0.0004","0.4","2026/1/30 11:49:38"
"rich","13.7.1","ad6T79qVayVGu3oSgd7oS","0.0009","0.9","2026/5/20 14:00:21"
"soxr","1.1.0","afAGAQPUjJeUeNKNDAWUO","0.0004","0.4","2026/5/20 14:00:21"
"pydantic_core","2.41.5","agjT-hRCeY31uxGwZik24","0.0053","5.4","2026/2/2 19:21:21"
"fastapi","0.115.6","aH7q8WlXJiyE--unYcXut","0.0006","0.6","2026/5/20 14:00:22"
"ruamel.yaml.clib","0.2.15","AhrmywYId9SaCeWL6WsLs","0.0003","0.3","2026/5/20 14:00:22"
"cffi","2.0.0","ahryndzkzOus3dVdvGzlj","0.0005","0.5","2026/5/19 20:02:05"
"Jinja2","3.1.6","aHV5PMQHz8FYwLujPsFAm","0.0005","0.5","2026/1/30 11:49:41"
"starlette","0.48.0","Aiq_CiPd8IWT6Mlh3jiFs","0.0002","0.2","2026/5/6 19:26:58"
"aiohappyeyeballs","2.6.1","ANDKx5B-yKyTarCPcoMLj","0","0","2026/2/2 19:21:21"
"watchfiles","1.2.0","aoz3PTC2pQ9HJKA_wkQ6E","0.0007","0.7","2026/5/19 20:02:05"
"torch","2.10.0","aqRC7vdu82-o2l7bvem57","0.3953","404.8","2026/2/9 17:09:01"
"markdown2","2.5.4","auEEUZE6hR-BdEBt2GQia","0.0002","0.2","2026/5/6 19:02:50"
"huggingface_hub","1.4.1","avtteybtKhty3pBJyoT3w","0.0021","2.1","2026/2/26 12:28:04"
"dyNET38","2.2","AXo9iSICKeoixQDt2KurJ","0.0034","3.5","2026/5/19 20:55:05"
"attrs","25.4.0","AyZPMYfeM9ZlQ9z226odm","0.0002","0.2","2026/2/26 12:28:03"
"tomlkit","0.14.0","B11GNulLouEPd7_QG9DKT","0.0002","0.2","2026/5/19 20:55:02"
"google-genai","1.61.0","B5muHxcUd9Ge9msgcewuX","0.0032","3.2","2026/2/1 14:03:39"
"conformer","0.3.2","B980KBuai-8Lx-GWstPWe","0","0","2026/5/20 14:00:23"
"comfyui-manager","4.1b1","BBfPSkWyZ0mX5Vir4TFqx","0.005","5.1","2026/2/2 19:21:24"
"indextts","2.0.0","BbT_RDogSWTmR9utgn7st","0","0","2026/5/6 19:27:02"
"blinker","1.9.0","BdnckzHw0OWFir-XL721b","0","0","2026/5/19 20:55:01"
"audioread","3.0.1","BGvcVHMpBTUe3GpVqGaBf","0.0001","0.1","2026/1/30 11:49:37"
"charset-normalizer","3.4.4","BKqtWjHRMw1ajoe5kNsx2","0.0003","0.3","2026/2/2 19:21:21"
"python-Levenshtein","0.27.3","BLs8WHmc844HIhU15KW0v","0","0","2026/2/26 12:28:04"
"packaging","26.0","BMPhQoKSM9edIR3KuNDQT","0.0003","0.3","2026/1/30 11:49:39"
"python-multipart","0.0.29","BmxL8m4_Wn9uz4AiIiBVL","0.0001","0.1","2026/5/19 20:02:04"
"oauthlib","3.3.1","bnkA07Y5MroigloiCNtds","0.0005","0.5","2026/1/30 11:49:38"
"setuptools","70.2.0","BRkR5gufLWVzE8AlzbVAz","0.003","3.1","2026/5/20 13:59:03"
"importlib_metadata","9.0.0","BsXl_cIGWkftWE0hipcr3","0.0001","0.1","2026/5/20 14:00:23"
"jieba","0.42.1","BU3TVwGnPb6L7PDtpsoTo","0.0356","36.5","2026/5/6 19:02:47"
"uvicorn","0.35.0","bUc5JIi0m-F6n8EjMGDd_","0.0002","0.2","2026/5/6 19:26:59"
"anyio","4.13.0","buG-vuUgCRAErV8w40w88","0.0004","0.4","2026/4/14 18:27:22"
"more-itertools","10.8.0","BV4d4VrTWeRP1qb3CRwmm","0.0003","0.3","2026/1/30 11:49:39"
"GitPython","3.1.46","BXWme0YyUoqntFjgwLLvF","0.0006","0.7","2026/2/2 19:21:21"
"certifi","2026.5.20","bYXmqP_cP-fjo-4wGk5_N","0.0002","0.2","2026/5/25 10:17:08"
"tzdata","2025.3","bZWQjcRaID3CLgpdDpvld","0.0005","0.6","2026/2/9 16:58:54"
"exceptiongroup","1.3.0","C58o3WhCTvTTMvffn6SPb","0","0","2026/5/6 19:02:49"
"x-transformers","2.11.24","CbrlIeXXjp0fBGFBJYnHa","0.0003","0.3","2026/5/20 14:00:22"
"pydantic","2.11.9","cCksusAaWrRej36Ueq5od","0.0017","1.7","2026/5/6 19:02:47"
"propcache","0.4.1","cEVGIyw_HW4sL168qnsmp","0.0001","0.1","2026/2/26 12:28:03"
"nltk","3.9.3","cfNbp1VoN-U7u-CJ4GI3a","0.0053","5.5","2026/2/26 12:28:06"
"click","8.4.0","CFzACYo6jVZHIsulL-bJf","0.0004","0.4","2026/5/19 20:02:05"
"itsdangerous","2.2.0","cgGeTq42-h7OCQXAL7Z0J","0","0","2026/5/19 20:55:01"
"requests","2.32.5","CHkping8IlK1v6wsO0ufp","0.0002","0.2","2026/5/6 19:02:51"
"descript-audiotools","0.7.2","CHXZ10q5l5wKiExbafjCX","0.0004","0.4","2026/5/6 19:02:48"
"typer-slim","0.24.0","CIgQi964oSRSzpcIFZaO7","0","0","2026/2/26 12:28:04"
"nltk","3.9.1","cInAhG0xeadLTkbGy3jq_","0.0053","5.4","2026/1/30 11:49:43"
"idna","3.11","cInB8jfDQD-lG0sfVi-4-","0.0003","0.3","2026/1/30 12:26:32"
"tensorboard-plugin-wit","1.8.1","ciNV_ManyBGDt79n2oHrh","0.003","3","2026/5/6 19:02:49"
"distro","1.9.0","ckB6tB7ldmP1er1IMvUqj","0.0001","0.1","2026/2/1 14:03:18"
"indextts","2.0.0","cKY5fXBBoYICHjZsjq729","0","0","2026/1/30 11:49:42"
"Jinja2","3.1.6","clOqwq4ynQgiZmx0jcDmc","0.0005","0.5","2026/5/20 13:59:26"
"plotly","6.6.0","COKanILrBepmXmLlJ5oNj","0.0402","41.2","2026/4/2 21:38:25"
"openseespy","3.7.0.3","cPkTG4L1TaATqe4URS8yb","0","0","2026/2/14 12:37:15"
"graphemeu","0.7.2","cPowmEEh1jqh6v4UYpnzp","0.0001","0.1","2026/3/2 19:25:31"
"about-time","4.2.1","CQhL-e7RzllBKBgP30Mp0","0","0","2026/3/2 19:25:31"
"typing_extensions","4.15.0","cub0Aomo30KYgosD694Qb","0.0002","0.2","2026/1/30 11:49:38"
"munch","4.0.0","Cvbi4RXdPA6y1BaqVIU2N","0","0","2026/1/30 11:49:37"
"setuptools","80.10.2","CvGixxcYeOzF07ViFGmeI","0.0034","3.5","2026/1/30 11:49:18"
"charset-normalizer","3.4.3","cvrd6uUBTgJ2qoalIqeDq","0.0003","0.3","2026/1/30 11:49:39"
"typeguard","4.4.4","CxanlzX0Kvux6B2J7DS0C","0.0001","0.1","2026/5/6 19:02:49"
"uvicorn","0.35.0","CxLnJkYhn98V_j5GlDIbi","0.0002","0.2","2026/1/30 11:49:40"
"tenacity","9.1.2","cZ1UMzsUTp29qJpdWD_Cp","0.0001","0.1","2026/2/1 14:03:19"
"transformers","4.25.1","czm24MoCZxGTsZzKRIpVx","0.0243","24.9","2026/2/26 13:17:56"
"msgpack","1.1.1","d-ZDteUiSN8CdEtLSHivd","0.0002","0.2","2026/3/2 19:25:31"
"Distance","0.1.3","D1ez9_199PPqZVxlptXWQ","0","0","2026/5/6 19:02:48"
"narwhals","2.18.1","d1o5jNusgGRDi3bc9XZLx","0.0018","1.8","2026/4/2 21:38:23"
"audioread","3.1.0","d5wpxvr7xKQYY0O6zV2KV","0.0001","0.1","2026/5/19 20:55:02"
"fonttools","4.61.1","d62g-dc25sn_Le2MGXzci","0.0102","10.4","2026/2/9 16:59:07"
"pypdf","6.7.3","D6nIkltEWQNAxXCaviQ_u","0.0013","1.4","2026/2/26 12:28:04"
"beautifulsoup4","4.14.3","D9kOfWUB8iqxzqo1mdcyB","0.0004","0.4","2026/5/20 14:00:22"
"python-dotenv","1.2.1","Da53YBo0ZsA5oiVZ4F7mx","0.0001","0.1","2026/2/2 19:21:21"
"wcwidth","0.2.13","DCEZ-nDtM67Lv1SneN63k","0.0005","0.5","2026/1/30 11:49:38"
"kiwisolver","1.4.9","dczd5lyFxUNxpRvmMKKxs","0.0002","0.2","2026/5/6 19:02:50"
"colorama","0.4.6","dF_szOy4ff3t76N2G10TB","0.0001","0.1","2026/1/30 11:49:40"
"hf-xet","1.2.0","DH9YZsw0-mWP2m5bV-nNM","0.0065","6.7","2026/2/2 19:21:21"
"jedi","0.19.2","DhgXsAWt05LP6d1AH3gGi","0.0042","4.3","2026/1/30 11:49:43"
"Markdown","3.9","dk-lg1kVBwoHZbIDsfswX","0.0003","0.3","2026/1/30 11:49:41"
"torch","2.6.0+cu124","dk0tokEuPURQqQGUpIQFz","4.3292","4433.1","2026/2/9 18:34:20"
"Cython","3.0.7","DL_28TqUxWOzeTGk3uoe-","0.0084","8.6","2026/5/6 19:02:54"
"websockets","15.0.1","DlRk4Ah9YAIuQT4X6tnxe","0.0006","0.6","2026/2/1 14:03:19"
"fonttools","4.60.0","DMb9XfZPv49CEC46nRrNl","0.0101","10.4","2026/1/30 11:49:45"
"tensorboard","2.9.1","dN_Wqw36xXcKTPOMa6gpx","0.0093","9.6","2026/5/6 19:02:59"
"MarkupSafe","2.1.5","doE-_7Gw5mKOgcDGjF7kA","0","0","2026/5/20 13:59:26"
"yarl","1.24.2","DPwXAQNidSu-8zc5Cq5zj","0.0003","0.3","2026/5/20 14:00:22"
"pytorch-lightning","2.2.1","dS0dpg_vTJiC5d54aeSee","0.0025","2.6","2026/2/26 13:17:22"
"importlib_resources","6.5.2","DSTgwDhNoLfCMCmVdzKlv","0.0001","0.1","2026/5/6 19:02:51"
"parso","0.8.5","dUjAZNZoz425sfpF1BXgl","0.0003","0.3","2026/1/30 11:49:38"
"soxr","1.1.0","DuWYNIkb2BbJiFxkDcsTv","0.0004","0.4","2026/5/19 20:55:03"
"stringzilla","4.6.0","DV_2wfk030fee8pD5c6qE","0.0004","0.4","2026/2/26 12:28:03"
"tomlkit","0.12.0","dvqqFKeegpXbtn64u6UeT","0.0001","0.1","2026/5/20 14:00:23"
"pystray","0.19.5","DYDm66Gcbfv_6llIinpij","0.0001","0.1","2026/4/16 13:26:39"
"numpy","1.26.4","E40T18Rf8ZbOjd2k4TtGn","0.0543","55.6","2026/5/20 13:59:40"
"pyinstaller","6.19.0","E5mxhrJxj1quYhrHvDlKI","0.0028","2.9","2026/4/16 13:18:12"
"pytz","2025.2","e7-oh3zR0zNJ1AodavaL4","0.0009","1","2026/5/6 19:02:48"
"numpy","2.4.6","eChi9rRONOIfX4ebMcxBs","0.0389","39.9","2026/5/19 20:02:10"
"regex","2025.9.1","ecs5UhcXl5Q5xhGsFog16","0.0011","1.1","2026/1/30 11:49:41"
"inflect","7.5.0","EgakDAKuX9ZayL5Wpqc7X","0.0001","0.1","2026/5/6 19:02:49"
"win32_setctime","1.2.0","EGCCmaMwll7fGaMogg-lY","0","0","2026/3/2 19:25:31"
"platformdirs","4.9.6","egY1rw5_oZEYwTgZIM3PP","0.0001","0.1","2026/5/19 20:55:02"
"json5","0.10.0","EH4MjvArJQvFowegojcNp","0.0001","0.1","2026/1/30 11:49:37"
"wheel","0.46.3","eJEAwzOidZROC_UJB6fLQ","0.0001","0.1","2026/2/26 13:17:56"
"joblib","1.5.2","EkOLv3t9o2fpAcY5UWKTM","0.0009","0.9","2026/5/6 19:02:46"
"antlr4-python3-runtime","4.9.3","Eli_tq_M9h8xYblYwo7vA","0.0004","0.5","2026/5/6 19:02:49"
"google-genai","1.61.0","ELXN49bjZ8mx2zcEJTcsd","0.0032","3.2","2026/5/6 19:02:48"
"coloredlogs","15.0.1","eOhualRsS7GbpkU7k8r7m","0.0001","0.1","2026/5/20 13:59:27"
"websockets","15.0.1","eOp_SCXUqBg8sDz7AVJvf","0.0006","0.6","2026/2/13 17:17:09"
"pydantic","2.12.5","ePm9ahk5Hl0HsE4iB3dDC","0.0017","1.8","2026/2/2 19:21:22"
"pypdfium2","5.5.0","EQrgmtUkOWbiFnEFevYwz","0.0059","6","2026/2/26 12:28:03"
"multidict","6.7.1","eryyWcCqQwTnweqe_9Rcr","0.0001","0.1","2026/2/26 12:28:03"
"torch","2.10.0","et-AFagXIP_TgOZ9mp8zV","0.3955","405","2026/2/26 12:28:35"
"certifi","2025.7.14","Et66bOxJv_nOtBvuoiLkM","0.0003","0.3","2026/3/2 19:25:31"
"torch-stoi","0.2.3","eutNP2SCmKQtct-_CDceJ","0","0","2026/5/6 19:02:48"
"tokenizers","0.22.2","eW0w7zjW224HhMrQ9j0Z_","0.0071","7.3","2026/5/19 20:02:04"
"alembic","1.18.3","EW6Hi29lvV_8K7Q_YV56n","0.001","1","2026/2/2 19:21:22"
"PyJWT","2.10.1","eWO32Sxll9Xm4hTMmAXhh","0.0001","0.1","2026/2/2 19:21:21"
"cn2an","0.5.22","ExHVRfs2_2DqDTjwXLwE6","0.0004","0.4","2026/5/6 19:02:46"
"python-multipart","0.0.20","EXzMD7TAtQs6_49Mt6KRT","0.0001","0.1","2026/5/6 19:26:58"
"tensorboard","2.14.0","EY2Xv-MrNSBtjU7jSuNTQ","0.0081","8.3","2026/5/20 14:00:38"
"granite-speech-asr","0.1.0","eZvl7TnzVU6tZVhORYMyp","0","0","2026/5/19 21:31:21"
"pillow","12.1.0","f1KqEbtdzOpASsgBkLbiU","0.0136","13.9","2026/2/2 19:21:34"
"optype","0.16.0","f2SUAfzywBWgxHPkdHf44","0.0002","0.2","2026/2/24 17:32:18"
"torch","2.6.0+cu124","F4cqeOa5OrxGCEQlVsco5","4.3293","4433.2","2026/5/28 15:59:16"
"MarkupSafe","3.0.3","f6aQD79r1DKYdlI0KBMj8","0","0","2026/2/9 17:08:43"
"kiwisolver","1.5.0","F7OyqlaqRluYIJYsyzs7C","0.0002","0.2","2026/5/20 14:00:22"
"pathspec","1.0.4","F7q-bcrD_HrCsVO2P0I7w","0.0001","0.1","2026/2/1 14:03:40"
"flatbuffers","25.12.19","fbev7d0HfMaGg6N8CCd_i","0.0001","0.1","2026/5/20 14:00:23"
"matplotlib","3.7.5","fBpZyshNwmOZbbHQ6LCME","0.0173","17.8","2026/5/20 14:00:41"
"jieba","0.42.1","Fca47_jpPFqXS0m9HGmrg","0.0356","36.5","2026/1/30 11:49:38"
"safehttpx","0.1.6","FDlDBd00ygmdTpf6_eZTj","0","0","2026/1/30 11:49:40"
"indextts","2.0.0","fEnyArN2YknaRl960-D8K","0","0","2026/3/2 19:11:41"
"colorama","0.4.6","Ff-dUsTejJu7cLAXW8tfJ","0.0001","0.1","2026/2/9 17:00:54"
"RapidFuzz","3.14.3","FIFymxEy5OMrs8ULpr4ry","0.0057","5.8","2026/2/26 12:28:06"
"kaldifst","1.7.17","FIIx9ZAdwTlyFgJVHV3xv","0.1058","108.3","2026/1/30 11:49:56"
"sniffio","1.3.1","FJsn44IUPyLmZijqHTak4","0","0","2026/2/1 14:03:18"
"threadpoolctl","3.6.0","FkbWQT3vKH5XY5pyzQHOS","0.0001","0.1","2026/1/30 11:49:38"
"pyphen","0.17.2","fL-dJvv1n1ES4wdktmhGF","0.0058","6","2026/1/30 11:49:46"
"typing-inspection","0.4.1","FLk7DqS_Q5fneBISpb6lU","0","0.1","2026/1/30 11:49:38"
"trove-classifiers","2026.1.14.14","flPbJHoldc8mZm5gdJ8-R","0.0001","0.1","2026/1/30 11:49:38"
"aiosignal","1.4.0","fmAA92R8JwDuPTwGtSAsa","0","0","2026/2/26 12:28:04"
"orjson","3.11.9","fnbMtPb1mdL9mu8ST5y7S","0.0003","0.3","2026/5/20 14:00:21"
"wheel","0.45.1","FqA8zwW7pSK18DJTds5Re","0.0002","0.2","2026/5/6 19:02:51"
"markdown2","2.5.4","fR543ZX288pJPa6wAIhfC","0.0002","0.2","2026/1/30 11:49:37"
"pyasn1","0.6.2","FRaDcbk25nooWmYpkE8CD","0.0004","0.4","2026/2/13 17:17:08"
"audioread","3.0.1","frAInvwuJSs_SWu0tneFu","0.0001","0.1","2026/5/6 19:02:49"
"transformers","4.57.6","ftRtNnZLm9IgOMbibBpOT","0.0488","50","2026/5/19 20:02:10"
"tensorboard","2.9.1","FyVM0rOou6leDlKS860I0","0.0093","9.6","2026/1/30 11:49:51"
"click","8.3.1","Fzwrdo58c3O256qKqBBdn","0.0004","0.4","2026/2/26 12:28:03"
"torchvision","0.21.0+cu124","g0JLz_uG5tpczEmQ1Y67C","0.0147","15.1","2026/2/26 13:23:06"
"aiohttp","3.13.5","G0L8zt6ev4hdRGu3O8BHA","0.0014","1.4","2026/5/20 14:00:23"
"distro","1.9.0","g4RhSEmzSowWlSDvtDvEd","0.0001","0.1","2026/5/6 19:02:51"
"grpcio-tools","1.57.0","g7BsUUALAE4AQcXdXmcKb","0.005","5.1","2026/5/20 14:00:29"
"shellingham","1.5.4","g7lPqlrkqHf6VSLWjJeHM","0","0","2026/5/6 19:26:58"
"lightning-utilities","0.15.3","GbNBftBFjxlUI8_1DwV4v","0.0001","0.1","2026/2/26 12:28:03"
"aiofiles","24.1.0","gbqs6lWvaku5BVHA0dNQP","0","0","2026/5/6 19:26:58"
"termcolor","3.1.0","GcH2LfJUGEX7H7DVRqa4O","0","0","2026/5/6 19:02:48"
"pyasn1_modules","0.4.2","gDB1Q5rdiI1EoFpYHTQsk","0.0007","0.7","2026/5/6 19:02:51"
"torch","2.8.0+cu128","GDxgJET5jZ-vXTdJDT6Ve","6.8802","7045.3","2026/5/6 19:11:01"
"tokenizers","0.21.4","GfbsUA7KUdCPyh3_IIqc6","0.0068","7","2026/5/20 14:00:19"
"typeguard","4.5.2","gFXqAE-2Ahwj101XVBD-L","0.0001","0.1","2026/5/20 14:00:23"
"anyio","4.12.1","Gi86qzX7QmiMmy-0p_BsP","0.0004","0.4","2026/1/30 12:26:32"
"filelock","3.19.1","gio9x2Uq0yKfzhln3Rv20","0","0","2026/1/30 11:49:40"
"markdown-it-py","4.2.0","gJFrhKQFUtWgGLy7f08DK","0.0002","0.2","2026/5/19 20:55:02"
"kornia_rs","0.1.10","go9A2lmC4iG55nn4UHbZl","0.0096","9.9","2026/2/2 19:21:21"
"pluggy","1.6.0","GqD0ufcF6aVNOGRrytiQh","0.0001","0.1","2026/3/2 19:25:32"
"qwen-omni-utils","0.0.9","grNkOxg7SRdBTESQm8Seu","0","0","2026/5/19 20:55:02"
"types-pytz","2026.2.0.20260506","gtv_ZQMekCT1IxTnqelUQ","0","0","2026/5/6 19:29:01"
"tzdata","2025.2","Gvao8F7QIPdffXfzox0V3","0.0005","0.6","2026/5/6 19:02:46"
"pydantic-settings","2.12.0","gYz_afwDGRqOxBMqvRgnL","0.0002","0.2","2026/2/2 19:21:21"
"torchsde","0.2.6","H_vXGdQtFRysIjS29KfNt","0.0002","0.2","2026/2/2 19:21:21"
"PyYAML","6.0.3","h-DjzZEqinJaf6dtHJmw_","0.0004","0.5","2026/5/20 14:00:19"
"termcolor","3.1.0","H-wjipfQMEmCNdEFb9chd","0","0","2026/1/30 11:49:38"
"psutil","7.0.0","H3Frxh5_xhiP1H6J7wf8w","0.0009","0.9","2026/3/2 19:25:31"
"anyio","4.12.1","h4woIWxIyQnWqEI9tdo5s","0.0004","0.4","2026/2/2 19:21:21"
"rsa","4.9.1","H6i8IBKRTWTIyW6TuCTvy","0.0001","0.1","2026/5/6 19:02:51"
"ipython","8.37.0","H9RmJOC1nEy-GRMtYRXkr","0.0025","2.5","2026/1/30 11:49:40"
"randomname","0.2.1","h9tojsj0EGmf1cAiV5X_k","0.0001","0.1","2026/1/30 11:49:38"
"h11","0.16.0","HAUXrJ7Wk5gycx7IcsMbA","0.0001","0.1","2026/1/30 12:26:31"
"lxml","6.0.0","hBDChZtRfuvQTVGbcEbRH","0.0084","8.6","2026/3/2 19:25:32"
"fastapi","0.136.1","HBdJp42tLvTqh7zdiDN-v","0.0007","0.7","2026/5/19 20:02:04"
"matplotlib","3.8.2","HBz_r4NeLAryAOr0DvTsA","0.0177","18.1","2026/5/6 19:03:02"
"scipy","1.17.1","HcGh0av9nJViSSpcqnXXg","0.1028","105.2","2026/2/26 12:28:22"
"certifi","2026.2.25","HctKaIvtaMB6qOydww8xv","0.0003","0.3","2026/2/26 12:28:04"
"colorama","0.4.6","HE9tUVxsetcr0wBuCedNl","0.0001","0.1","2026/1/30 12:26:31"
"mpmath","1.3.0","hHkbNTe9k_0Tqob8IRk96","0.0018","1.9","2026/5/20 14:00:23"
"huggingface_hub","1.3.5","hiPdOKviGFB791YE470aE","0.002","2.1","2026/1/30 12:26:32"
"editables","0.5","hJAd5W_kpMbeoDxHeejTS","0","0","2026/3/2 19:25:33"
"typer","0.17.4","hJna45UnEutE9Bp8qFs-x","0.0002","0.2","2026/5/6 19:26:59"
"semantic-version","2.10.0","Hkm8blcIivfW7qA47W4I6","0.0001","0.1","2026/5/6 19:26:59"
"groovy","0.1.2","hLhHkWJbkVXahESHTlCJG","0","0","2026/1/30 11:49:40"
"grpcio","1.57.0","HlSCLRWbW_61QB6XHETgK","0.01","10.3","2026/5/20 14:00:36"
"opencv-python","4.9.0.80","HpnWcuQWKictmK4NvZD9_","0.1037","106.2","2026/1/30 11:50:10"
"uv","0.9.28","hQh204QYbrbPLxSq_RDhu","0.0599","61.3","2026/2/2 19:21:48"
"idna","3.11","HQPfKejEcITdWc7_7YdZ6","0.0003","0.3","2026/2/2 19:21:21"
"soundfile","0.12.1","HrgiMtt9c8R7Ae5GkvihC","0.0022","2.3","2026/5/20 14:00:25"
"filelock","3.24.3","hs8fitse7O4lNoOlGEawe","0.0001","0.1","2026/2/26 12:28:03"
"torchaudio","2.11.0","HtbCMmVPObVazfbippEkO","0.0012","1.2","2026/5/19 20:02:05"
"comfyui-workflow-templates-media-other","0.3.98","htz95HsEaMkgoMD7huuOD","0.0345","35.3","2026/2/2 19:21:56"
"tomli","2.4.0","hU_PizNJJBVK8cWONnfTg","0","0","2026/1/30 11:49:38"
"certifi","2026.1.4","HUJx-fnqVpCElWgR1GkmT","0.0003","0.3","2026/2/2 19:21:22"
"comfyui-workflow-templates-media-api","0.3.47","hvaXJ9LkOqKUjHmTxqjU3","0.0745","76.3","2026/2/2 19:22:07"
"hf-xet","1.2.0","Hvv_I9iY4hcfoSF8I7bfw","0.0065","6.7","2026/1/30 12:26:31"
"librosa","0.10.2.post1","HwekjUMWE3jf-_yIBB6wl","0.0009","1","2026/1/30 11:49:38"
"pathspec","1.0.4","HwEP3R5FFKTBx0N-4tXEp","0.0001","0.1","2026/1/30 11:49:39"
"annotated-types","0.7.0","HX0b9StGJZxLZGaZm3F5-","0","0","2026/2/13 17:17:06"
"pydantic_core","2.46.4","Hxh77_IkGFm3Y4ZZxEmK9","0.0052","5.3","2026/5/19 20:02:07"
"msgpack","1.1.1","hXnxsvwtQqxbGmWwA0zH2","0.0002","0.2","2026/1/30 11:49:38"
"hatchling","1.29.0","HYjg_ihZkF_s3koODkQ7M","0.0003","0.3","2026/3/2 19:11:41"
"typer","0.24.1","hZqMknEmv_Ry2sShHUMCu","0.0002","0.3","2026/2/26 12:28:03"
"torchvision","0.21.0+cu124","I2B-pevAwTtjCFMSsnPbx","0.0147","15.1","2026/5/28 15:52:45"
"google-auth","2.48.0","i7ZX5oHhGM9MiGix0DyuX","0.0008","0.8","2026/5/6 19:02:51"
"openai-whisper","20231117","IAe-CP2ngSH978vsv-ZM4","0.0017","1.8","2026/5/20 14:00:19"
"torch","2.6.0+cu124","iAjtQnSvXT_Lmt44_WlK6","4.3292","4433.1","2026/2/26 13:30:23"
"pydantic_core","2.33.2","Ibc6gRrJAw3DTHGjgf7aU","0.0051","5.3","2026/1/30 11:49:38"
"scikit-learn","1.8.0","IBRcc4VgP-fRI-2LIxrM-","0.0246","25.2","2026/2/9 17:00:59"
"comfyui-embedded-docs","0.4.0","IffFBjCtO4-VRGLvn4-Kt","0.0151","15.5","2026/2/2 19:21:36"
"httpx","0.28.1","Ig1anPpwHvFUYYLZtbu3r","0.0003","0.3","2026/1/30 11:49:40"
"randomname","0.2.1","IhF9w2Kw_Vg-iTMU8BDu2","0.0001","0.1","2026/5/6 19:02:52"
"gradio","5.45.0","IIL8wjVNV7oqB_c0NT_pJ","0.1764","180.7","2026/1/30 11:50:13"
"ruff","0.15.13","ijFz5Z0yapKWYH1dwgmxn","0.0306","31.3","2026/5/20 14:00:47"
"requests-oauthlib","2.0.0","iNJbS88vDHxOpMFfW4XHZ","0.0001","0.1","2026/5/6 19:02:49"
"omegaconf","2.3.0","IpdaKBp7AxDlb4vaHKzqR","0.0003","0.3","2026/5/6 19:02:51"
"grpcio","1.75.0","IQO9vsbofADdUFJZbofui","0.0103","10.6","2026/1/30 11:49:51"
"decorator","5.2.1","isaI6P1-z0zf4RcM6-r9E","0","0","2026/5/6 19:02:48"
"comfy-kitchen","0.2.7","IScCgJbEi_3Qwbs0F_Cfz","0.0018","1.9","2026/2/2 19:21:23"
"gradio_client","1.4.2","iT3vevDYuhMKCB4yFSlIt","0.0009","0.9","2026/5/20 14:00:22"
"scipy","1.17.0","iumHnK0K-nw9c0inhYzs-","0.1022","104.6","2026/2/2 19:21:57"
"torchvision","0.25.0","IvQDu4v18sFiMVcyOydyi","0.0116","11.9","2026/2/26 12:28:09"
"tomlkit","0.13.3","iw47Qz9_DyvOJt9mElJzA","0.0002","0.2","2026/1/30 11:49:40"
"dill","0.4.0","iXdnzNUpFrsmZttR_t6vz","0.0003","0.4","2026/2/26 12:28:03"
"google-auth","2.53.0","iXjvAvnD2BgJ3sE9Ey0j_","0.0008","0.8","2026/5/20 14:00:22"
"filelock","3.29.0","IY7PxfY4TwlMof2aIcp8Q","0.0001","0.1","2026/5/20 14:00:19"
"rich","14.3.1","iyGKUNtieKu9FmddRZmN-","0.0012","1.2","2026/2/2 19:21:22"
"lightning","2.6.1","iyuGfOMvcB4pfJ9XmzTd6","0.0027","2.8","2026/2/26 12:28:05"
"torchaudio","2.8.0+cu128","iZ21vMdlpub2gbLnQRpj4","0.0222","22.7","2026/5/6 19:02:45"
"filelock","3.20.3","IzomLp_i9zh5syVj1lWr1","0","0","2026/2/2 19:21:21"
"packaging","26.0","J0DfhnzV2EtEN48uAs8O8","0.0003","0.3","2026/2/9 16:59:05"
"cffi","2.0.0","j40P6mLaxJEgHFG1lfleV","0.0005","0.5","2026/2/13 17:17:09"
"setuptools","80.10.2","j6tRvRi5AytFdapJgMNcb","0.0034","3.5","2026/1/30 12:22:51"
"pandas","2.3.3","j9aKR9e5Carn-_wS6PewJ","0.0362","37.1","2026/5/20 14:00:46"
"requests","2.33.1","jAf_F8aUTVN2MDN_TFaMb","0.0002","0.2","2026/4/14 18:27:22"
"safetensors","0.7.0","jbauboOqBZMU78LPK2nfM","0.0007","0.8","2026/2/2 19:21:21"
"lazy-loader","0.5","JcBK7fcB_aqXr49Vcemm9","0","0","2026/5/19 20:55:01"
"scipy-stubs","1.17.1.0","JciyP4iIezVEm7wr-SobU","0.0026","2.7","2026/2/24 17:32:19"
"tqdm","4.67.1","JCJwmEVVujw9dG2ISIiqG","0.0002","0.2","2026/1/30 12:26:31"
"filelock","3.29.0","jE70fvvSKxthGWYVwv92w","0.0001","0.1","2026/5/19 20:02:04"
"websockets","12.0","JGfUGhuo_aapnIAp-6tve","0.0004","0.4","2026/5/20 14:00:21"
"mpmath","1.3.0","jGsFFojXvm8_-NfihS4Cs","0.0018","1.9","2026/2/9 17:08:44"
"llvmlite","0.41.1","JgzatKmWdv6PMhNXV9Cej","0.0753","77.1","2026/1/30 11:50:08"
"nltk","3.9.1","jhzsxMA2eEhBQpT-3yOly","0.0053","5.4","2026/5/6 19:02:51"
"antlr4-python3-runtime","4.9.3","jJiIm3tpbd-YCT507AdZ-","0.0004","0.5","2026/1/30 11:49:38"
"memory-profiler","0.61.0","JjzgpAjVZOvGj7EpFbkjL","0.0001","0.1","2026/3/2 19:25:31"
"contourpy","1.3.2","JlA-8TMweFOJ2msecLyQU","0.0006","0.6","2026/1/30 11:49:37"
"traitlets","5.14.3","jLxRSZnXHHFlvzjjVms3M","0.0003","0.3","2026/1/30 11:49:39"
"torchmetrics","1.8.2","jN2ISLmuQln25_n93Zv3D","0.0033","3.4","2026/2/26 12:28:05"
"aiofiles","24.1.0","jPdoNvwG1iFFo0el11oFq","0","0","2026/1/30 11:49:40"
"openseespywin","3.7.0.3","jpUMNxWNLnuKmMrh2Voh1","0.0157","16","2026/2/14 14:28:22"
"tenacity","9.1.4","JpyCkRItnrqa8DD-Q42ON","0.0001","0.1","2026/2/13 17:17:07"
"pandas","2.3.2","JSonhVKYt3dSyyF6z5XJ2","0.0362","37","2026/1/30 11:49:57"
"asttokens","3.0.0","jWegYGPAVa5yKqydePmK0","0.0001","0.1","2026/5/6 19:02:49"
"textstat","0.7.10","jZh6nUWPkgYxnVCmQ-SqK","0.0005","0.5","2026/5/6 19:02:46"
"tensorboard-data-server","0.6.1","k-lD0rAzxJac1KA6i8X9R","0","0","2026/5/6 19:02:48"
"soynlp","0.0.493","K2vXbP4MXK2zE2zNCYWe5","0.0011","1.1","2026/5/19 20:55:03"
"platformdirs","4.4.0","K3hM94VBkMwd3d5ZSELd0","0.0001","0.1","2026/1/30 11:49:38"
"sympy","1.13.1","k4lUWaNROIp3hBC8GVNTv","0.0245","25.1","2026/2/9 18:27:59"
"websockets","16.0","k6_zShK76eNyh8LV1lgdt","0.0006","0.6","2026/4/14 18:27:22"
"fonttools","4.63.0","k8W1bu41qigA9P9tcULGD","0.0052","5.3","2026/5/20 14:00:26"
"semantic-version","2.10.0","K9WiONqOnMU7jlBGg17LU","0.0001","0.1","2026/2/26 13:17:56"
"cffi","2.0.0","keOj_hVxhGCY3E6HMrNQo","0.0005","0.5","2026/1/30 11:49:40"
"fastapi-cli","0.0.4","KfGVKf2R50UN1RvNiKq-9","0","0","2026/5/20 14:00:23"
"trove-classifiers","2026.1.14.14","kgOFS1GY-a-VzQK_6sNsy","0.0001","0.1","2026/3/2 19:25:32"
"sympy","1.13.1","kh476n0Mjs9uUddFwJae1","0.0245","25.1","2026/2/9 18:17:56"
"packaging","26.2","KI7REBS2aApCx3l-VIZa-","0.0004","0.4","2026/5/19 20:02:05"
"jedi","0.19.2","KIKbB8nU-qrbuaX18xTUl","0.0042","4.3","2026/5/6 19:02:51"
"pyinstaller-hooks-contrib","2026.4","KjqyvINlk5nuNJbbc0aTl","0.0007","0.7","2026/4/16 13:18:12"
"yarl","1.22.0","KkmxC0CyNVJveWN1M7kb-","0.0003","0.3","2026/2/2 19:21:21"
"g2p-en","2.1.0","kkQJE20RuUYrhCHOsVmlr","0.0032","3.2","2026/1/30 11:49:46"
"tensorboard-plugin-wit","1.8.1","KMUG_SVw--Q_OWkbqLZCT","0.003","3","2026/1/30 11:49:43"
"MarkupSafe","3.0.3","KN2m2K-kkZE6MOYY4zCnl","0","0","2026/4/15 11:35:42"
"tiktoken","0.13.0","Kn9M_bw5zKjA1jVatAgMd","0.0022","2.2","2026/5/20 14:00:24"
"mdurl","0.1.2","KnHAfW-HB0hSlOtvyRb0w","0","0","2026/5/6 19:02:51"
"albumentations","1.4.3","koZo4TnYymDLPSjkUyTrj","0.0005","0.5","2026/2/26 12:30:13"
"filelock","3.29.0","kPM_X9_NSs9ZAe-vfW96Z","0.0001","0.1","2026/5/20 13:59:27"
"tomli","2.4.0","kQGmq-xXFDyhGjgXyiUAu","0","0","2026/2/1 14:03:40"
"Mako","1.3.10","kRWMLNsnjVigw-xIbg-8-","0.0003","0.3","2026/2/2 19:21:21"
"torchvision","0.25.0","KTJFza6k682_WO6HTLugn","0.0105","10.8","2026/2/9 17:09:45"
"transformers","4.52.1","kyldj9bNbbsFPycIJPdad","0.0435","44.5","2026/1/30 11:49:55"
"toml","0.10.2","KYoWQe-tYAh8YosV9F9LQ","0.0001","0.1","2026/2/2 19:21:21"
"uvicorn","0.30.0","Kz5Jl5iTXbE5e8iQkqvqo","0.0002","0.2","2026/5/20 14:00:22"
"PyYAML","6.0.3","l2KVYJYz85fafSrNBT7Ce","0.0004","0.5","2026/5/19 20:02:04"
"filelock","3.20.0","L6bBwHbQiCdhb41YkjKAr","0","0","2026/2/26 13:23:06"
"torchaudio","2.10.0+cu130","l6ZykTNFu8niP8Mc7ExXy","0.0093","9.5","2026/2/2 19:21:22"
"opencv-python-headless","4.13.0.92","l8twkBs00c220BRErUlO3","0.1059","108.5","2026/2/26 12:28:23"
"pycparser","3.0","L9xULVwEU31RTI_4MIqAp","0.0002","0.2","2026/2/13 17:17:08"
"hydra-core","1.3.2","LAh5bb5Mp1pWG5E5Zl4Rr","0.0005","0.5","2026/5/20 14:00:20"
"ffmpy","0.6.1","lEZVk3iXWZnejtPfhtN5Y","0","0","2026/5/6 19:02:48"
"python-multipart","0.0.12","lf0pXABBzGGeZmZ2Npg9T","0.0001","0.1","2026/5/20 14:00:23"
"gradio","6.14.0","LgOjjkp7aMymoELC_WG9w","0.0373","38.2","2026/5/19 20:55:18"
"Cython","3.2.4","LHyNsTTw0oHxbd_5Nm0AM","0.0083","8.4","2026/5/19 20:55:06"
"rich","15.0.0","LI8XgWaL25Jf1Q2tyUXJX","0.0012","1.2","2026/5/19 20:55:03"
"pandas","3.0.3","LJSxOvLtC2nhWi1O2Mjv-","0.0329","33.7","2026/5/19 20:55:12"
"Markdown","3.10.2","lle6TtLcvVzs9p6Dlv-03","0.0003","0.3","2026/5/20 14:00:22"
"granite-speech-asr","0.1.0","Llnyu21Paj_eWM_EmmKXw","0","0","2026/5/19 21:47:52"
"contourpy","1.3.2","LlS_34LQRc9CFUJIjV9LO","0.0006","0.6","2026/5/6 19:02:46"
"gradio_client","2.5.0","lpC9Wi9UJmDILKeSaAldK","0.0002","0.2","2026/5/19 20:55:02"
"wetext","0.0.4","LPOTMPRgO-uVEegpJ6cMv","0","0","2026/5/20 14:00:23"
"certifi","2025.8.3","lq4lUD172l-I6ZI0cqesX","0.0003","0.3","2026/5/6 19:02:48"
"torchmetrics","1.9.0","LSq47ysFKbigQcvj8FUP9","0.0033","3.4","2026/5/20 14:00:24"
"sconf","0.2.5","lw56ptRIrU8Lh6FBDN-YL","0","0","2026/2/26 12:28:04"
"h11","0.16.0","LxDSwkC19TIBIwKMmBQRd","0.0001","0.1","2026/1/30 11:49:38"
"julius","0.2.7","LZec5-mWExlA8PogrwqsN","0.0001","0.1","2026/5/6 19:02:51"
"textstat","0.7.10","lzJxp0eGO4mZLMwe6dgxj","0.0005","0.5","2026/1/30 11:49:37"
"modelscope","1.27.0","M-18Cqal7IPsDNDMKWSGm","0.0205","21","2026/1/30 11:49:51"
"frozenlist","1.8.0","m0ltlvqDfElPI02oGxpg6","0.0001","0.1","2026/2/26 12:28:03"
"typing-inspection","0.4.2","M0QjH94g_zobpksOn4QwQ","0","0.1","2026/2/13 17:17:06"
"docstring_parser","0.17.0","M5J69b7qIWdFwk7jxMAum","0.0002","0.2","2026/1/30 11:49:39"
"lightning","2.2.4","M85bCAvieEczw6W1m_9HY","0.0062","6.3","2026/5/20 14:00:28"
"orjson","3.11.9","ma7FHgAgKMfzjb2Ve8fqz","0.0003","0.3","2026/5/19 20:55:02"
"einops","0.8.1","MArj79xvNdtSD_lQ9AdKH","0.0002","0.2","2026/1/30 11:49:37"
"ffmpeg-python","0.2.0","maZSb1EHg25uxZLq3w1lO","0.0001","0.1","2026/1/30 11:49:37"
"protobuf","7.34.1","mb6TdccS7XvBtJewiwgkG","0.0015","1.6","2026/4/14 18:25:06"
"opencv-python","4.9.0.80","MBDDXddVhzFzQvv2014q8","0.1037","106.2","2026/5/6 19:03:17"
"decorator","5.3.1","MbmJfaKZk8C1Y5a8ioiX1","0","0","2026/5/19 20:55:01"
"modelscope","1.27.0","MC8XvwQ-T1EfwLI6z67AC","0.0205","21","2026/5/6 19:02:59"
"hjson","3.1.0","mCvyY4X9Ef8PCbxmgSTgz","0.0002","0.2","2026/1/30 11:49:40"
"urllib3","2.7.0","MdVuEKMOvnRQbJPlZTGDY","0.0004","0.4","2026/5/19 20:02:05"
"fsspec","2026.2.0","mea1lXtAGvaKSwW3GBv2M","0.0007","0.7","2026/2/9 17:08:44"
"fsspec","2026.1.0","meyMh646I9oGMtZsL0BSD","0.0007","0.7","2026/1/30 12:26:32"
"typer","0.17.4","mgR32Ip3nKCvNMHBcoNW4","0.0002","0.2","2026/1/30 11:49:39"
"soxr","1.0.0","mh_fneLJnSfUioJidOS5w","0.0004","0.4","2026/1/30 11:49:38"
"matplotlib-inline","0.1.7","micKQeAZhPIcG7gq8n5Sd","0","0","2026/1/30 11:49:39"
"mdurl","0.1.2","MIdiShlIQASKBxnFMeFoS","0","0","2026/1/30 11:49:38"
"python-dotenv","1.1.1","mjQRKC-zhcBhCyb1Y-XkF","0.0001","0.1","2026/3/2 19:25:31"
"llvmlite","0.47.0","mkyPY7YIh5jwqWyWrjNzR","0.1004","102.8","2026/5/20 14:01:03"
"Cython","3.2.4","mmpViIAWs4Sbe0GNmszFS","0.0082","8.4","2026/5/20 13:59:40"
"lazy_loader","0.4","MMUirZPS8Pan5aG181s9x","0","0","2026/1/30 11:49:37"
"ipython","8.37.0","Mnca3AmXbensl-kzq_-06","0.0025","2.5","2026/5/6 19:02:49"
"PyWavelets","1.9.0","mOmok91Rlp4e4ukNjoSPa","0.0074","7.6","2026/2/24 17:13:47"
"greenlet","3.3.1","mpLEDMDWcR7c37WBise4h","0.0006","0.6","2026/2/2 19:21:22"
"colorama","0.4.6","MQFRIhOEtt3TGx-9G9nGT","0.0001","0.1","2026/5/20 13:59:26"
"Pygments","2.20.0","mQSwHD2vakkkSPPA6vHYl","0.0042","4.3","2026/5/19 20:55:04"
"fastapi","0.116.2","MuJb9xN3i1EjeftofBzVv","0.0006","0.6","2026/5/6 19:26:59"
"transformers","5.0.0","MX9H-PIrlaKmtGRAVj8g5","0.0399","40.8","2026/2/2 19:21:38"
"pillow","12.0.0","MxPq6MMoi4ivg2oCnF92B","0.0134","13.7","2026/2/26 13:23:09"
"google-genai","1.63.0","MXrtASuRnGSG9CvCb6yz7","0.0032","3.3","2026/2/13 17:17:09"
"accelerate","1.8.1","mxZpEt0pzk65avaR57wuL","0.0013","1.4","2026/5/6 19:02:46"
"python-multipart","0.0.20","myMt0YB10PcUuV7mZ5x1f","0.0001","0.1","2026/1/30 11:49:40"
"openseespy","3.5.1.12","MZjiTH3BUnxJlIpfH8qc6","0","0","2026/2/14 14:59:21"
"torch","2.9.1+cu128","N-OWFAyaSOHkLXeX2YbBF","4.2027","4303.6","2026/5/19 20:10:08"
"intel-openmp","2021.4.0","N05oCPRAFmdZ4ySHZkkBI","0.0093","9.5","2026/5/20 13:59:27"
"Werkzeug","3.1.3","n11jNGuTTZIUi-_OXNPV7","0.0007","0.7","2026/1/30 11:49:41"
"tensorboard-data-server","0.6.1","n6Y3_bZH1-tm60ycKpX87","0","0","2026/1/30 11:49:41"
"pyparsing","3.2.4","N7xuaIVKb9EaSOctFpdzn","0.0004","0.4","2026/5/6 19:02:48"
"itsdangerous","2.2.0","N8xu6kGzTCaXxnx81krib","0","0","2026/4/15 11:35:41"
"librosa","0.10.2","NAs9PzRsa3f_6gUU8usv4","0.0009","1","2026/5/20 14:00:22"
"websockets","15.0.1","NBYaVV-i35uU-XX8kJcDR","0.0006","0.6","2026/5/6 19:02:47"
"httpcore","1.0.9","ndxlxgH7kRPJ4QDkLSAca","0.0003","0.3","2026/1/30 12:26:31"
"Distance","0.1.3","NFrBCQszGR3AqjSALn5Q_","0","0","2026/1/30 11:49:37"
"six","1.17.0","NFU4Gz34o498vJgXIuv0h","0","0","2026/1/30 11:49:39"
"torch","2.3.1+cu121","NiaS-jQyyqg--kNlNhQ5u","4.115","4213.7","2026/5/20 14:05:53"
"granite-speech-asr","0.1.0","niVr85oRh3nGxZDtScfML","0","0","2026/5/20 0:00:23"
"trove-classifiers","2026.1.14.14","NJW6IeT51Y4ddkcwWij1V","0.0001","0.1","2026/2/1 14:03:40"
"platformdirs","4.4.0","nKpiRpytyVc8HoEyjJDc5","0.0001","0.1","2026/5/6 19:02:49"
"huggingface-hub","0.35.0","nlhW6KlY1Powy9U_4hv-6","0.0021","2.1","2026/1/30 11:49:39"
"torchvision","0.25.0+cu130","NlKKsEXukrEWHu4H6G7Zu","0.0214","21.9","2026/2/2 19:21:21"
"pyasn1_modules","0.4.2","NlQngc_zEmUMkfy5VfDRX","0.0007","0.7","2026/2/13 17:17:09"
"numpy","2.4.2","nm-v_P7Z3AXlqio-upCR-","0.0389","39.9","2026/2/9 16:58:46"
"fsspec","2025.12.0","NnYv95yceaLV-cc-rIPny","0.0007","0.7","2026/2/26 13:23:07"
"fsspec","2024.12.0","noiJVlTrw4h9bRQ7-LeOH","0.0006","0.6","2026/5/20 14:00:21"
"click","8.2.1","NQiyPyCAHSxCJbQ2XdNKY","0.0003","0.4","2026/5/6 19:02:48"
"loguru","0.7.3","NqtmUo9iHiwH3hqrGR9lz","0.0002","0.2","2026/3/2 19:25:31"
"Pygments","2.19.2","NTaKcfrDV4n36RBINHUgU","0.0042","4.3","2026/2/26 12:28:05"
"Brotli","1.1.0","NvJoxhk2eWKVBDZDvmFsa","0.0008","0.8","2026/5/6 19:26:59"
"future","1.0.0","NvZrFHNegx1o2-jkZcFbp","0.0014","1.5","2026/5/6 19:02:48"
"Levenshtein","0.27.3","NwFIY9ZK9jydN_kaqFRfH","0.0002","0.2","2026/2/26 12:28:03"
"indextts","2.0.0","Nx0-xPPen0HZ3qwWbGuXL","0","0","2026/5/6 19:29:02"
"msgpack","1.1.2","NXBQOBltkdKBtA03BVvUG","0.0002","0.2","2026/5/19 20:55:02"
"fsspec","2026.1.0","nxvxUMAV7hu_BtkVbT53c","0.0007","0.7","2026/2/2 19:21:21"
"keras","2.9.0","NYMQatr5xbdxdP2BJgJsB","0.0054","5.5","2026/5/6 19:02:52"
"hatchling","1.28.0","NzPATbl_KGZcBfjqM7X1M","0.0003","0.3","2026/1/30 11:49:39"
"omegaconf","2.3.0","O_wzC9MJdXptTyn5cGU7E","0.0003","0.3","2026/1/30 11:49:37"
"Pygments","2.19.2","O-TfAqDVJwnNXjAUbgURW","0.0042","4.3","2026/5/6 19:02:52"
"sympy","1.14.0","O2TexuuW6o5tUzyker0x6","0.025","25.6","2026/2/9 17:08:46"
"typing_extensions","4.15.0","O3QTxawdWn1xzYw6CdIwE","0.0002","0.2","2026/1/30 12:26:31"
"pillow","12.1.0","O52afzSV0Yz6w8ku3e66Y","0.0136","13.9","2026/2/9 16:59:08"
"pycparser","3.0","O70FynoiP8gDq1YoHOy0L","0.0002","0.2","2026/5/19 20:02:04"
"certifi","2025.8.3","o7i7jCFR6dnDVNz5FSwck","0.0003","0.3","2026/1/30 11:49:39"
"kiwisolver","1.5.0","O9EZ6COnlnt-lphKCbw_7","0.0002","0.2","2026/5/28 15:52:45"
"PyYAML","6.0.3","OAE4bFQhBCsTMhQ_MaqMi","0.0004","0.5","2026/2/2 19:21:21"
"gradio_client","1.13.0","OAV7KiTaWaz5LJHTidShV","0.0009","0.9","2026/5/6 19:26:59"
"einops","0.8.1","obY_bLW85q-mRyUyJsygi","0.0002","0.2","2026/5/6 19:02:51"
"six","1.17.0","ocnSDzwJlWzUgR5mT4NlM","0","0","2026/2/9 16:58:53"
"pycparser","3.0","OD8k_8c68Kq-wVUNGFbdC","0.0002","0.2","2026/2/2 19:21:21"
"networkx","3.4.2","oDmZE9vQ5RRP6K3Ezyo44","0.006","6.1","2026/1/30 11:49:45"
"openseespywin","3.7.0.3","OErjgAACaI5LxtnHud1io","0.0157","16","2026/2/14 12:37:18"
"modelscope","1.20.0","OF4gDt1m3bkxabKfeYM_i","0.0202","20.7","2026/5/20 14:00:38"
"league-tools","1.1.0","oH2-fethqvDatABCLzl0j","0.0002","0.2","2026/3/2 19:25:32"
"pure_eval","0.2.3","OHsjrMS9BF_IFRHp8n_95","0","0","2026/1/30 11:49:38"
"scipy","1.17.1","oi_5z1SflsZZ2TbxSJYNu","0.1027","105.2","2026/5/28 15:52:59"
"wheel","0.45.1","OmVtofYNw_hUOydw5D67n","0.0002","0.2","2026/1/30 11:49:41"
"einops","0.8.2","onNvI5BGi1i9mYO53nd6Y","0.0002","0.2","2026/2/2 19:21:21"
"mdurl","0.1.2","OOmBmCNejLXcgcAx5gZv-","0","0","2026/2/26 12:28:04"
"fsspec","2024.12.0","oQDuBQuFFWxv-xSCLyc6J","0.0006","0.6","2026/2/26 13:17:21"
"pydantic","2.12.5","osCOSDVAyaMnUWNAISqR4","0.0017","1.8","2026/2/13 17:17:09"
"pydub","0.25.1","osjQLEpCb0Tz_XabLbONw","0.0001","0.1","2026/1/30 11:49:40"
"networkx","3.6.1","oUo5ftEaHByhQJi_hw-7w","0.0066","6.7","2026/2/9 17:08:44"
"scikit-learn","1.8.0","oW1F24utWqBvCASHE5kKe","0.0247","25.3","2026/2/26 12:30:13"
"urllib3","2.6.3","P0kp5YshvwRpuLRyRvmTH","0.0004","0.4","2026/2/13 17:17:09"
"websockets","16.0","P0OQ4wGLoZCvmxf-kcYh7","0.0006","0.6","2026/5/19 20:02:05"
"websockets","15.0.1","P2yk3XHdvb1qIXVQMFUfw","0.0006","0.6","2026/1/30 11:49:39"
"pyparsing","3.3.2","p3nGZ7ghJd3XBMjF2cKVh","0.0004","0.4","2026/2/9 16:59:06"
"inflect","7.5.0","p7bWy3qdkebCLej01Ry0Q","0.0001","0.1","2026/1/30 11:49:37"
"typing_extensions","4.15.0","pBTXdd_7wg3jpI5VrbxuA","0.0002","0.2","2026/2/9 17:08:43"
"typer-slim","0.21.1","PCP7UEiLJ8OekuXdI0nw-","0.0002","0.2","2026/1/30 12:26:31"
"MarkupSafe","3.0.3","pcYd9UVRhtgi5hUE3CNgL","0","0","2026/2/2 19:21:21"
"networkx","3.1","pf0bfPj0pX-KMgAG09V6x","0.007","7.1","2026/5/20 14:00:29"
"MarkupSafe","3.0.2","pFlop9cIAuOA_oast3hFo","0","0","2026/5/6 19:02:48"
"exceptiongroup","1.3.1","piNGShbabv8A-kUx38Ae6","0","0","2026/5/20 14:00:23"
"tokenizers","0.22.2","PmPL8liNKsn7SF1MWr97y","0.0071","7.3","2026/2/26 12:28:03"
"pydantic_core","2.46.0","pNrC8Qp7X5gRA6vYm6RLp","0.0052","5.3","2026/4/14 18:27:23"
"huggingface_hub","0.36.2","pOdg0NbgkOGdzlFGMocFi","0.0021","2.2","2026/2/26 12:29:36"
"xxhash","3.5.0","pPGbO8bODOrIj6NCUqYrE","0.0001","0.1","2026/3/2 19:25:31"
"pyasn1","0.6.1","pR4COEc52iPD1qPV4hwou","0.0004","0.4","2026/5/6 19:02:48"
"torchaudio","2.9.1+cu128","prcIBgKV6HB3vnYHo8j0W","0.0109","11.2","2026/5/19 20:04:19"
"google-genai","1.61.0","pScuaMywUrk83lHzaBQ0f","0.0032","3.2","2026/2/1 14:03:19"
"granite-speech-asr","0.1.0","PszMDqPrKmQ0juXOcF7xM","0","0","2026/5/19 20:55:04"
"regex","2026.5.9","PY7MOaBQjJkbgDKl8TdDq","0.0011","1.1","2026/5/20 14:00:22"
"multidict","6.7.1","PZ1-s2fYpcGTwHE8F-bDT","0.0001","0.1","2026/2/2 19:21:21"
"ruamel.yaml","0.19.1","PZp650zFqQOUG0W0STirU","0.0005","0.5","2026/2/26 12:28:03"
"torch-stoi","0.2.3","q25mcMD14ik6pv9lz3UZ6","0","0","2026/1/30 11:49:37"
"setuptools","82.0.1","qck8MLN8IGF5mRHpLhGYx","0.0032","3.3","2026/4/2 21:13:02"
"gradio","5.45.0","qCSq-lfYN9qYAgKAoEcEj","0.1764","180.7","2026/5/6 19:27:08"
"Pygments","2.19.2","QedlGuPrVHv-Ivu3BiPDW","0.0042","4.3","2026/1/30 11:49:43"
"hatchling","1.28.0","qHpH41HRlkIYbQizfj4lA","0.0003","0.3","2026/2/1 14:03:40"
"PyYAML","6.0.2","QJ_yhA9F6wUKNy08_xwMm","0.0005","0.5","2026/1/30 11:49:38"
"executing","2.2.1","qJHtmz2l2bjx4hyfmuI5g","0.0001","0.1","2026/5/6 19:02:49"
"orjson","3.11.3","QjqC4RWgodNT54LAASI5A","0.0003","0.3","2026/1/30 11:49:40"
"Brotli","1.1.0","qkxsoAfvFy_MTV4a9lS19","0.0008","0.8","2026/1/30 11:49:41"
"librosa","0.11.0","QMIxI6IZOsy4MJs4PUfdq","0.0009","1","2026/5/19 20:55:03"
"packaging","25.0","Qn1xptbCdCEDX-XKIvtzz","0.0002","0.2","2026/5/6 19:02:51"
"sniffio","1.3.1","QNIxlOeGb61ZEtsi8sr7w","0","0","2026/5/6 19:02:51"
"hf-gradio","0.4.1","QnPbamhqZMwvqsRUxJ7_e","0","0","2026/5/19 20:55:01"
"pandas","3.0.3","qPbDPQE6qXDk0iB5Ne8wF","0.033","33.8","2026/5/28 15:52:53"
"setuptools","69.5.1","QPLosP9A1JtdBJlAmVnfV","0.0029","3","2026/5/20 14:00:07"
"PyYAML","6.0.3","QQLsX_pu6-qY-XAWs0X96","0.0004","0.5","2026/2/26 12:28:03"
"pygame","2.6.1","QSeOe3iQWaGtY97ghTqtQ","0.021","21.5","2026/4/23 14:16:01"
"tzdata","2026.2","QVhDIEaQ1cZJCkiHaIzsq","0.0005","0.6","2026/5/19 20:55:03"
"shellingham","1.5.4","R07GpIjYCaRwzssTRiQTN","0","0","2026/1/30 12:26:31"
"sentencepiece","0.2.1","r5n4lFOEuxSbbOGGGY00I","0.0023","2.4","2026/2/2 19:21:24"
"granite-speech-asr","0.1.0","R6vrgepmLZjaukGtq0KOC","0","0","2026/5/19 22:03:52"
"tqdm","4.67.1","r7rLq9cw82S9BveuV4Y68","0.0002","0.2","2026/1/30 11:49:37"
"threadpoolctl","3.6.0","R8irj-d6DvzDakIuSc0OT","0.0001","0.1","2026/2/9 17:00:59"
"torchcodec","0.12.0","r8lXHbyavRriMKssmbqw6","0.0059","6.1","2026/5/19 20:18:58"
"prompt_toolkit","3.0.52","raELT4206pBrP0isxEe6p","0.0013","1.3","2026/1/30 11:49:40"
"sympy","1.14.0","rbL4wmHExgP2-0sKnRAO5","0.025","25.6","2026/5/20 14:00:40"
"urllib3","2.5.0","Rbvi0chSeTSkHVKq_ayPS","0.0004","0.4","2026/3/2 19:25:31"
"cryptography","48.0.0","RcVzmbvPaQSzFnQjUHj1Q","0.0096","9.9","2026/5/20 14:00:34"
"safetensors","0.5.2","RDrAcPiJIB7RlYic6_e_V","0.0007","0.7","2026/5/6 19:02:44"
"huggingface-hub","0.35.0","re8qtlCNrPl_JxoRwZoTJ","0.0021","2.1","2026/5/6 19:02:48"
"certifi","2026.1.4","ReJBX9mjKbubU5-Np8V1j","0.0003","0.3","2026/1/30 12:26:32"
"orjson","3.11.3","rj8_DNpZs7RqRdyEmC7hZ","0.0003","0.3","2026/5/6 19:26:59"
"MarkupSafe","3.0.3","rmIvAblCWJ92XPqF6Hi0A","0","0","2026/2/26 12:28:04"
"hf-xet","1.3.1","rOfVU1wKS1Lvjhew7FuqJ","0.008","8.2","2026/2/26 12:28:08"
"Jinja2","3.1.6","RPlGeu9u5k2pDQLbvTphp","0.0005","0.5","2026/2/26 13:23:06"
"msgpack","1.1.2","Rq_7750EiUVxXPzz1U9aE","0.0002","0.2","2026/5/20 14:00:22"
"psutil","7.2.2","rszqVFXfYYRaybA3CLWGy","0.0004","0.4","2026/2/2 19:21:21"
"packaging","26.1","ru0TetpMwH86buX7r5Fn0","0.0003","0.3","2026/4/16 13:18:12"
"torchvision","0.21.0+cu124","RubZV9vCqhcZy4EvXpBm5","0.0147","15.1","2026/2/9 18:17:53"
"sniffio","1.3.1","rwVcI0wZjRmC974Wq2A5N","0","0","2026/1/30 11:49:38"
"pycparser","2.23","ryT3_qdoVrJQWKfVKyu5p","0.0006","0.6","2026/1/30 11:49:38"
"trampoline","0.1.2","S0Ua9qiJsKK-EIj5G_YoL","0","0","2026/2/2 19:21:21"
"httpcore","1.0.9","s2-oVJ8tbmyxEQteev-Lf","0.0003","0.3","2026/2/13 17:17:08"
"anyio","4.13.0","s3cbn0Cpu4y6zfjhoyMCN","0.0004","0.4","2026/5/19 20:02:05"
"PyNaCl","1.6.2","s5c9HDpfIHhCLulMOQPB4","0.0006","0.6","2026/2/2 19:21:21"
"argbind","0.3.9","S8INjVf4qeckLOiub7-Kp","0","0","2026/1/30 11:49:36"
"click","8.3.1","s8zBFxnMiFcg0gzZS6BAb","0.0004","0.4","2026/1/30 12:26:32"
"distro","1.9.0","s9Af3dJsYSCqgHZpfcyuh","0.0001","0.1","2026/2/1 14:03:38"
"Werkzeug","3.1.3","sB66fYXbfx6eVp_UvpXmk","0.0007","0.7","2026/5/6 19:02:46"
"librosa","0.10.2.post1","sC2Hs2zEyk3XzP-nnAmrT","0.0009","1","2026/5/6 19:02:46"
"pandas","2.3.2","sdEohzfA3GirVgJj1Gapg","0.0362","37","2026/5/6 19:03:05"
"httpcore","1.0.9","SdxCr7Mb9PrFDzjFrNSYI","0.0003","0.3","2026/5/6 19:02:51"
"nougat-ocr","0.1.17","sE0d6e0OENREQ_SepF-vx","0.0002","0.2","2026/2/26 12:28:03"
"scikit-learn","1.7.2","sEs57c_HE8nkZr6L5nEIy","0.0267","27.4","2026/5/6 19:02:44"
"pillow","11.3.0","SHpF5qrnrrsaAApraAx3J","0.0134","13.7","2026/1/30 11:49:53"
"tenacity","9.1.2","SIc_PRGPYLAq1WfWLrRiB","0.0001","0.1","2026/2/1 14:03:38"
"packaging","26.0","siMioofaGwkS6-vhz0-NN","0.0003","0.3","2026/1/30 12:26:31"
"aiofiles","23.2.1","siSfUfCHeDkuIxw3Yzc94","0","0","2026/5/20 14:00:23"
"editables","0.6","SKJ0JH4OuxK6smjc2n0Ib","0","0","2026/5/6 19:27:01"
"gradio","5.4.0","SLZEfXcmWGTVprb3zsG3n","0.1965","201.2","2026/5/20 14:01:11"
"mkl","2021.4.0","SOKe9gxIRPQDQWI-mo8w-","0.6198","634.7","2026/5/20 14:01:45"
"grpcio","1.75.0","SPgBKiknulLRWEBjUJawN","0.0103","10.6","2026/5/6 19:02:57"
"pyloudnorm","0.1.1","Sq7qace9fA7dURNnp2wM4","0","0","2026/1/30 11:49:37"
"transformers","4.52.1","sqaVI0YbXhoVchOrA_qxr","0.0435","44.5","2026/5/6 19:03:05"
"openseespywin","3.6.0.2","sSiBmh5bvj5pxJlCHIXQQ","0.0153","15.6","2026/2/14 14:59:05"
"protobuf","3.19.6","Stppg_U6qcWpbSwXTyz19","0.0024","2.5","2026/5/6 19:02:49"
"typing_extensions","4.15.0","svO6LhHSvZfVx9u8wp8bt","0.0002","0.2","2026/2/26 13:23:06"
"annotated-doc","0.0.4","SXHfdQfZaeZRhZpZr_XQ4","0","0","2026/5/19 20:02:04"
"Jinja2","3.1.6","SXTsQ26VjRgyB5RBsRoB7","0.0005","0.5","2026/2/9 17:08:44"
"aiohappyeyeballs","2.6.1","SYtQF1pcutyFv34mfKlXd","0","0","2026/2/26 12:28:04"
"pillow","12.2.0","Szqm63f3EgU9xNGUEv8JU","0.0137","14","2026/4/14 18:27:24"
"PyYAML","6.0.2","sZxhd-UeNHpK0T2scORyC","0.0005","0.5","2026/5/6 19:02:48"
"shellingham","1.5.4","T0dOUiuWFtnt70hxw1ixd","0","0","2026/2/26 12:28:04"
"scikit-learn","1.7.2","t0Fwz0owj1fPYqVL8kUlw","0.0267","27.4","2026/1/30 11:49:37"
"sentencepiece","0.2.1","t1t80_Ih90GYEm6Swriu_","0.0023","2.4","2026/5/6 19:02:50"
"descript-audiotools","0.7.2","t2PzZLkojyat2A7nDSJfp","0.0004","0.4","2026/1/30 11:49:37"
"torchaudio","2.3.1+cu121","T3rcfHtsvPItXH8PXBiOg","0.0175","17.9","2026/5/20 14:00:20"
"av","17.0.1","t6xOP9-BKIoYNIok86Nj0","0.0661","67.7","2026/5/19 20:55:21"
"mpmath","1.3.0","TBLa9NMUTXuMV2GcHuQkS","0.0018","1.9","2026/2/26 13:23:07"
"cycler","0.12.1","TBza7ghj5phcIUUpgJsTk","0","0","2026/1/30 11:49:37"
"pydub","0.25.1","tcNyRnJRtmLthF1gIgNkW","0.0001","0.1","2026/5/6 19:26:59"
"setuptools","82.0.1","tgJQ8H9SJH4sF-Q9vOadT","0.0032","3.3","2026/4/16 13:18:12"
"pyserial","3.5","tIQZ0efRLDYnFZO8lnQq8","0.0003","0.3","2026/4/15 11:35:42"
"anyio","4.10.0","tkVuhmH6fc3OhCibn2Mz5","0.0004","0.4","2026/1/30 11:49:40"
"typing-inspection","0.4.2","tL5L1a1Xzic2e-5A0PZ47","0","0.1","2026/5/19 20:02:04"
"pooch","1.8.2","tM1Icg67pf62wEqhFIUmw","0.0003","0.3","2026/1/30 11:49:38"
"google-auth","2.49.2","TMWVDpyUaevmIb4_lEBfL","0.0008","0.8","2026/4/14 18:27:22"
"typer","0.25.1","tqaf_NGRpY3Q1_4wRY0_6","0.0003","0.3","2026/5/19 20:55:01"
"ruamel.yaml","0.18.17","tqLDd11KM5Kz2-Qt7o2UO","0.0005","0.5","2026/5/20 14:00:22"
"granite-speech-asr","0.1.0","TQSROmvGuzTj_i3NcpSh9","0","0","2026/5/19 20:04:19"
"Werkzeug","3.1.8","TSlWv64M_u5F4uj48VetE","0.0007","0.7","2026/5/19 20:55:03"
"scipy","1.15.3","TsWJrNdK5rsBrvjHlUx9W","0.1128","115.5","2026/1/30 11:50:10"
"filelock","3.20.3","TtyiruD4nQZSHS52anoAG","0","0","2026/2/9 17:08:43"
"click","8.3.2","tUaRtOMv63Lzllt7YsIQj","0.0004","0.4","2026/4/15 11:35:42"
"uvicorn","0.47.0","TVBIHlICM35LuXmE3riAT","0.0002","0.2","2026/5/19 20:02:05"
"async-timeout","5.0.1","tWtM283KJg0jtDsYTmD24","0","0","2026/5/20 14:00:23"
"markdown-it-py","4.0.0","tzpGsdOGcHWz_f4F1J9Cv","0.0002","0.2","2026/5/6 19:02:51"
"requests","2.34.2","u1yxMIAPQwp1n9ZkFMq9s","0.0002","0.2","2026/5/19 20:02:04"
"starlette","1.0.0","u2G0UDMA4LnhSxBUbR9Zy","0.0002","0.2","2026/5/19 20:02:04"
"zstd","1.5.7.2","u6UX5NXJPYumoqt9XpeSz","0.0004","0.4","2026/3/2 19:25:31"
"packaging","25.0","U9oy3q5qUyUflrCktZX_s","0.0002","0.2","2026/1/30 11:49:37"
"markdown-it-py","4.0.0","uaQ5Eum4gSSscGzaZHBug","0.0002","0.2","2026/1/30 11:49:39"
"wheel","0.47.0","Uc-Pb_RRkP7MMC8sTBlnj","0.0001","0.1","2026/5/20 13:59:39"
"pydantic_core","2.18.1","UcWqiGIps0O3-QZbn_tij","0.0049","5","2026/5/20 14:00:19"
"packaging","24.2","uE0IBRk_KdBkqFeL7aANQ","0.0002","0.2","2026/2/26 13:17:21"
"kaldifst","1.8.0","uEmmQeG82j0wWBwAufjW7","0.0039","3.9","2026/5/20 14:00:25"
"altgraph","0.17.5","UeRV6dXiwH4zTlKA6AWnn","0.0001","0.1","2026/4/16 13:18:11"
"soundfile","0.13.1","UeVSjdWF3p9y77Fw8a6-f","0.0023","2.4","2026/5/6 19:02:50"
"scikit-image","0.26.0","uFCtd5rOINAPi_O5SK0Tz","0.0206","21.1","2026/2/26 12:30:13"
"numba","0.65.1","uFEQ0bYr30LA7SkNV_VMo","0.0111","11.4","2026/5/20 14:00:31"
"proces","0.1.7","uldse0407L7oV5azJdE1G","0.0004","0.4","2026/1/30 11:49:37"
"inflect","7.3.1","uLvIjTjB54hynRpLAMFrE","0.0001","0.1","2026/5/20 14:00:23"
"typer","0.21.1","umaHdhdiJVjno_fwKLQxP","0.0002","0.2","2026/2/2 19:21:21"
"joblib","1.5.3","UO509kHsBYW4omiHhVzy_","0.0009","0.9","2026/2/9 16:58:33"
"tensorboard-data-server","0.7.2","upvCGR1Qyg-5yj7PIHI7I","0","0","2026/5/20 14:00:23"
"filelock","3.20.3","uQ4RPEkGksMzf1boCFvEz","0","0","2026/1/30 12:26:31"
"safetensors","0.7.0","Uqs7XLJDdA-U_578793N_","0.0007","0.8","2026/2/26 12:28:03"
"proces","0.1.7","uR2E-WVrhU2vHfkqMOjJD","0.0004","0.4","2026/5/6 19:02:47"
"anyio","4.12.1","uTgrC5iuXWdshwYrWED8n","0.0004","0.4","2026/2/13 17:17:08"
"google-genai","1.73.0","uue6rStJHpCVob53L92vC","0.0035","3.6","2026/4/14 18:27:22"
"filelock","3.19.1","uv96rLp9oNQEmtqItThgB","0","0","2026/5/6 19:02:49"
"frozenlist","1.8.0","UW_MTYD0RxGQgbRsduDjl","0.0001","0.1","2026/5/20 14:00:22"
"cycler","0.12.1","uygLUYsvhKDb3RpQPwzlV","0","0","2026/2/9 16:59:05"
"protobuf","3.19.6","V118Dv5BT88f6mQg3jpLS","0.0024","2.5","2026/1/30 11:49:41"
"aiohttp","3.13.3","v9eFyTu9l3DvinBMOPIsD","0.0014","1.4","2026/2/26 12:28:04"
"pytz","2025.2","V9YIs13xoQetfHmxIBdd-","0.0009","1","2026/1/30 11:49:42"
"mpmath","1.3.0","vAmfMGt--BbLdhrAyqs29","0.0018","1.9","2026/1/30 11:49:40"
"Markdown","3.9","vCV6kkOpFyOrKeJXgkO1_","0.0003","0.3","2026/5/6 19:02:48"
"pluggy","1.6.0","vGKO01Xmp2hD4BEBHlT-4","0.0001","0.1","2026/1/30 11:49:38"
"h11","0.16.0","vH0BLl-3KGYf58PWmHqIw","0.0001","0.1","2026/2/13 17:17:07"
"tokenizers","0.21.0","VH8GEf6TwYF2AshnTNtEt","0.0064","6.5","2026/5/6 19:02:44"
"tbb","2021.13.1","VHKuw_1D0hSphacfLYjwT","0.0007","0.7","2026/5/20 14:00:22"
"humanfriendly","10.0","vIa8yC_9EC8NP6-MLSJPw","0.0003","0.3","2026/5/20 13:59:27"
"PySocks","1.7.1","viIDYmzVVxwd-MDf6jNYD","0","0","2026/5/20 14:00:23"
"google-auth","2.48.0","vIj0DaRFrtTGgjKeklrJe","0.0008","0.8","2026/2/1 14:03:39"
"pefile","2024.8.26","VjrgsJMHneuKvF4AdQbbe","0.0003","0.3","2026/4/16 13:18:12"
"ImageIO","2.37.2","vkjyupJRwKDC5tJJ4oP9q","0.0011","1.1","2026/2/26 12:30:14"
"tenacity","9.1.2","VMke9M0mrb_cUPiPNcca8","0.0001","0.1","2026/5/6 19:02:49"
"regex","2026.1.15","vnU52dwd-tex1jckUeumh","0.0011","1.1","2026/2/2 19:21:22"
"requests","2.32.4","VNV51bY9dRFDHbq2Wl8Mt","0.0002","0.2","2026/3/2 19:25:31"
"numpy","2.4.1","Vo8Ldd9-ePxozVEPUveih","0.0381","39","2026/2/2 19:21:41"
"numba","0.58.1","vr4347tTq7vW-PLLHt61L","0.0103","10.6","2026/1/30 11:49:45"
"albumentations","2.0.8","VR4iQTeUgojMEXlc0BMa0","0.0016","1.6","2026/2/26 12:28:04"
"smmap","5.0.2","vrcgKGtRx0PW5o-gVKrtv","0.0001","0.1","2026/2/2 19:21:21"
"distro","1.9.0","VUG8Qr42r8EGUgeCib5UM","0.0001","0.1","2026/2/13 17:17:06"
"diffusers","0.29.0","vX81UK4v72hzmw0n0IRw8","0.0086","8.8","2026/5/20 14:00:30"
"ruamel.yaml.clib","0.2.12","vxsdE5tggaLPd3t9J94SK","0.0003","0.3","2026/3/2 19:25:31"
"lol-audio-unpack","3.4.0","VYJhB-GhsModHytLvK7Mt","0","0","2026/3/2 19:25:33"
"safehttpx","0.1.7","VzqcNDHljXoUfLgftlrOc","0","0","2026/5/19 20:55:01"
"typer","0.24.2","vZQsDbWQ71hhF92TCO3wj","0.0002","0.3","2026/5/20 14:00:22"
"lazy_loader","0.4","VzRjezFJ1e7BEb27KdPrg","0","0","2026/2/26 12:30:12"
"sentencepiece","0.2.1","w1CCxX2e8fT0RyB4svhiY","0.0023","2.4","2026/2/26 12:28:05"
"contourpy","1.3.3","w1vs0foUbexlSaMNQ_U4Y","0.0006","0.6","2026/2/9 16:59:06"
"torch","2.10.0+cu130","w2ynidGbvezW15ktaWSoD","2.579","2640.9","2026/2/2 19:25:35"
"comfyui_workflow_templates","0.8.27","w8IT3cd__tQ1nuRPnJtUQ","0","0","2026/2/2 19:21:21"
"more-itertools","10.8.0","w9bWouXh1LHbGgYo9QIYH","0.0003","0.3","2026/5/6 19:02:51"
"keras","2.9.0","wA79ZZbgH_IuKxzFQkG01","0.0054","5.5","2026/1/30 11:49:43"
"ninja","1.13.0","WADfUCqAc4UufSIvDdbs0","0.0006","0.6","2026/1/30 11:49:41"
"editables","0.5","wAePGMt6uv6F8lSMa6kyK","0","0","2026/2/1 14:03:42"
"flatten-dict","0.4.2","WAHHI4MYy66UUvI9ABL4s","0","0","2026/1/30 11:49:37"
"datasets","4.6.0","wAhIcBI-Bk0blRXsCukuK","0.0019","2","2026/2/26 12:28:04"
"torch","2.12.0","wCxCTJSiQUTLPAnBfeYOg","0.4396","450.2","2026/5/19 20:02:26"
"torch","2.8.0+cu128","wFLHxX6d6v9jLqw-mVSaS","6.8802","7045.3","2026/1/30 12:02:01"
"google-auth-oauthlib","0.4.6","WfmE1cBlYvFf-jYEUZXX1","0","0","2026/1/30 11:49:41"
"openseespy","3.5.1.12","wFr6qLNh_OmL5aK7AhN2H","0","0","2026/2/14 12:39:30"
"google-auth","2.40.3","WHaR31w_TYhL2lu4of9BA","0.0007","0.7","2026/1/30 11:49:41"
"pydantic","2.13.4","WHec3NNwT_h0CKvmeFb0c","0.0018","1.8","2026/5/19 20:02:06"
"quick-xmltodict","0.1.3","wikS517MfNDJVQyZuxPai","0.0003","0.3","2026/3/2 19:25:32"
"pytz","2026.2","witZtBDRXpM6hy5tN6hjU","0.0009","1","2026/5/19 20:55:03"
"pandas","3.0.1","WkBWZIBLx0P3h9hnAkQ2t","0.0329","33.7","2026/2/26 12:28:13"
"fsspec","2025.9.0","WLG_Bi-VCNcfvmZ6exQcY","0.0007","0.7","2026/5/6 19:02:47"
"psutil","7.2.2","wNkPOUWyC3NTMQNDNaVOU","0.0004","0.4","2026/5/19 20:02:05"
"torchvision","0.21.0+cu124","WoYdxoHHtySgFWqslAMoT","0.0147","15.1","2026/2/9 18:27:57"
"g2p-en","2.1.0","WpWsgtKTk3Ucxb5MARNDI","0.0032","3.2","2026/5/6 19:02:54"
"numpy","2.4.2","Wq7OA3sPUvQlt1KySEQEG","0.0381","39","2026/2/26 12:28:14"
"pydantic","2.12.5","WRLVmOYrUL6wbQyJQHBWF","0.0017","1.8","2026/2/1 14:03:19"
"sentencepiece","0.2.1","Wsp4c4prtCNLJT0Vyukio","0.0023","2.4","2026/1/30 11:49:41"
"asttokens","3.0.0","WUolD14E1xqezPVa6Qcr8","0.0001","0.1","2026/1/30 11:49:38"
"ruff","0.13.0","WVfqyr_Ms1x4I5g9FokHJ","0.036","36.9","2026/1/30 11:49:40"
"fonttools","4.63.0","WvOnlv_iN3dHmDOvI7GuD","0.0103","10.5","2026/5/28 15:52:48"
"google-auth","2.48.0","wwlrt0_dntHF9fM_avJYA","0.0008","0.8","2026/2/13 17:17:09"
"pypdfium2","4.30.0","wXRb5482eRUInRBHIiQMe","0.0055","5.6","2026/2/26 13:42:05"
"typing-inspection","0.4.1","WyeogIF_qt-P0KB2KZcas","0","0.1","2026/5/6 19:02:48"
"HyperPyYAML","1.2.3","wykY4Yi2cH891xFOa5mve","0","0","2026/5/20 14:00:23"
"timm","0.5.4","WZ85re8aoD_euDaby12-G","0.0016","1.7","2026/2/26 12:28:04"
"Werkzeug","3.1.8","x0CMQnzwqvr39R2zazAsJ","0.0007","0.7","2026/4/15 11:35:42"
"idna","3.16","X0qY4TcDXIecF7U-utcsR","0.0003","0.3","2026/5/25 10:17:08"
"pystoi","0.4.1","x2rE4_2bf1WugSHGR5vUo","0","0","2026/5/6 19:02:48"
"scikit-learn","1.8.0","X3Dx-oaoFBFyOqQpU6AYJ","0.0247","25.3","2026/5/28 15:52:45"
"numba","0.58.1","x3UL4yxWNmYVNxx1cfDeB","0.0103","10.6","2026/5/6 19:02:53"
"charset-normalizer","3.4.3","X3X2-raR6dq6fruFqbaOf","0.0003","0.3","2026/5/6 19:02:48"
"gitdb","4.0.12","X8MQ1g5gYsayN3oF9iABw","0.0002","0.2","2026/2/2 19:21:21"
"multidict","6.7.1","XANlSkqpG0ike_bHbyB0k","0.0001","0.1","2026/5/20 14:00:22"
"more-itertools","11.0.2","XBBF7WOhNmE_wcUwzNlM7","0.0003","0.3","2026/5/20 14:00:22"
"pandas-stubs","3.0.0.260204","xfTtKPkeCCbZC5d65781q","0.0007","0.7","2026/2/9 17:00:49"
"python-dateutil","2.9.0.post0","xHb0P4XnRqZcnwVkSbtDv","0.0004","0.4","2026/2/9 16:58:54"
"soundfile","0.13.1","xHRpLRzAvXTGZRdAIWALo","0.0023","2.4","2026/1/30 11:49:41"
"starlette","0.48.0","XJfoFeCEKi7owRi1Z2XDa","0.0002","0.2","2026/1/30 11:49:40"
"brotli","1.2.0","xJM3LHUxVlzq8_fa2riAH","0.0008","0.8","2026/5/19 20:55:03"
"MarkupSafe","3.0.3","xjnlEh0VVFwXoG0O6ofqB","0","0","2026/5/28 15:52:45"
"indextts","2.0.0","xkB77ze_jqIa6WxXykuCY","0","0","2026/2/1 14:03:43"
"httpx","0.28.1","xlu1qOnO2nwNKQhKvT0Tx","0.0003","0.3","2026/1/30 12:26:32"
"setuptools","80.9.0","XM39nPj3iEcwyOMjnJaeP","0.0039","4","2026/5/6 19:02:51"
"httpx","0.28.1","xNOPxQDHQXq9G-WVnZ8XE","0.0003","0.3","2026/2/13 17:17:08"
"trove-classifiers","2026.5.7.17","xouGBEhnlO4QAthA9ffF6","0.0001","0.1","2026/5/19 20:02:05"
"propcache","0.4.1","xrLwkrwM28SDoiaTSJX01","0.0001","0.1","2026/2/2 19:21:21"
"sniffio","1.3.1","XRU7k7Wv_LPNREeQAIFjC","0","0","2026/2/13 17:17:06"
"Flask","3.1.3","XScfo1QD3CY8rdrkgt-dB","0.0003","0.3","2026/5/19 20:55:02"
"tokenizers","0.21.0","XUzS6Kfpk-7g8xuMdwcva","0.0064","6.5","2026/1/30 11:49:37"
"regex","2025.9.1","xwkkiyekW2cFsJvDOsVv9","0.0011","1.1","2026/5/6 19:02:46"
"pillow","12.1.1","XwuqXOun-xWgeZhPX8k0Y","0.0136","13.9","2026/2/13 17:17:10"
"matplotlib-inline","0.1.7","xXniLp-mYk1h0iz9tsptV","0","0","2026/5/6 19:02:48"
"aiohttp","3.13.3","XXWxGt5QQUk5Fnm73Ri_z","0.0014","1.4","2026/2/2 19:21:22"
"idna","3.10","XXXv0-9WvCEID0ezl5gAs","0.0003","0.3","2026/3/2 19:25:31"
"pydantic_core","2.33.2","Y_j7jhHlPy_9xn_Huuvz4","0.0051","5.3","2026/5/6 19:02:44"
"setuptools","82.0.0","y2XEILVryYteUefqkPhZ1","0.0032","3.3","2026/2/26 12:28:05"
"decorator","5.2.1","Y60KkKQXb62nCYmXOgf4B","0","0","2026/1/30 11:49:37"
"networkx","3.4.2","Y7FuXHjZ_RzSw0BRdsi7U","0.006","6.1","2026/5/6 19:02:52"
"pycparser","2.23","Y9JGU4WjWWVCm5hdmS5TK","0.0006","0.6","2026/5/6 19:02:48"
"python-dotenv","1.2.2","YAiRyQhWPbakjZqGp0dYk","0.0001","0.1","2026/5/19 20:02:04"
"numba","0.65.1","YbZRq_WtKeKO8oz0YooOI","0.0111","11.4","2026/5/19 20:55:06"
"rich","14.3.3","yfnHv0l9xqEu1vn-GMTDa","0.0012","1.2","2026/2/26 12:28:04"
"MarkupSafe","3.0.2","YfpK0UaGGC21rLCbhYrMj","0","0","2026/2/26 13:23:06"
"pystoi","0.4.1","yIaXKR2dmcZIXRz2q_fO2","0","0","2026/1/30 11:49:37"
"tqdm","4.67.3","yIgrh7iq7GlTOivQwK36Q","0.0002","0.2","2026/2/9 17:00:54"
"huggingface_hub","0.36.2","YiSrRhJLZ2bPMOQw9mXsS","0.0021","2.2","2026/5/19 20:02:06"
"numpy","1.26.2","yivHQfIA3UvkuuNjwQUfr","0.0542","55.5","2026/1/30 11:49:51"
"click","8.2.1","yJHbhCko4agj9a74OSLtA","0.0003","0.4","2026/1/30 11:49:39"
"openseespy","3.6.0.2","YJRaeBRBeKJnAyrHbchCk","0","0","2026/2/14 14:28:18"
"pandas-stubs","2.3.3.260113","Yltt-W7ztQDklQor4WBvp","0.0007","0.7","2026/5/6 19:29:01"
"parso","0.8.5","YlWNf2CR76YEB1-i0NMH5","0.0003","0.3","2026/5/6 19:02:48"
"soxr","1.0.0","ymT1WKHzgBxO9rHHgSSSp","0.0004","0.4","2026/5/6 19:02:47"
"pillow","12.2.0","ynFIDSz_0PxD1H4f5K8OW","0.0137","14","2026/5/19 20:55:10"
"cryptography","46.0.5","YO_C_v3sejbaU3QiUzvg-","0.0089","9.1","2026/2/13 17:17:08"
"einx","0.4.3","Yoc1-sCgTcokdI8Cs8QL5","0.0007","0.7","2026/5/20 14:00:21"
"blinker","1.9.0","YPeXfPzurL4iYLPR9oG48","0","0","2026/4/15 11:35:41"
"ffmpy","0.6.1","YRAkT7hyJ0YKH2N7zatWb","0","0","2026/1/30 11:49:37"
"fonttools","4.60.0","yrc-ZPCks6s0GcR21VP-M","0.0101","10.4","2026/5/6 19:02:53"
"fsspec","2025.9.0","yryAdveF-Ex2PPkax3BdU","0.0007","0.7","2026/1/30 11:49:41"
"httpcore","1.0.9","ysibntDL-f4bKOjDdaplE","0.0003","0.3","2026/1/30 11:49:38"
"rsa","4.9.1","ytBrg3Vq6L1rCyacMWYBT","0.0001","0.1","2026/2/13 17:17:08"
"granite-speech-asr","0.1.0","yVaoo9l4xLtGf-QSAJjnI","0","0","2026/5/19 20:35:48"
"granite-speech-asr","0.1.0","YVfezq18CO9jSPjXF8k-c","0","0","2026/5/19 20:19:49"
"wetext","0.1.0","yvN5VwDpOdQjvBKDWapRg","0.0107","11","2026/1/30 11:49:42"
"transformers","4.38.2","YVtEeMX9ckRni6d3ERkZW","0.0358","36.7","2026/2/26 12:29:37"
"aiosignal","1.4.0","YWswEOiKuAKO5-Gamn-2e","0","0","2026/2/2 19:21:21"
"pillow","11.3.0","yxRSpTIFqIwKfPDxFfgYj","0.0134","13.7","2026/5/20 14:00:41"
"comfyui-workflow-templates-core","0.3.115","yYnNDb0NHpyDUx3gFvRyK","0.0002","0.2","2026/2/2 19:21:21"
"pluggy","1.6.0","Z_aFmxHHMRrlErm29otAC","0.0001","0.1","2026/2/1 14:03:40"
"google-auth-oauthlib","0.4.6","Z_Gc7uK3BS4PNrdgiVDdt","0","0","2026/5/6 19:02:49"
"contourpy","1.3.3","z4aM9N_OdXj3F0IMfbz6l","0.0006","0.6","2026/5/28 15:52:45"
"ffmpy","1.0.0","Z7JgZsVwfzVybXZUyKr-a","0","0","2026/5/20 14:00:23"
"kaldifst","1.7.17","zbcCpM0dTjtJyLgmESHtA","0.1058","108.3","2026/5/6 19:03:04"
"numpy","2.4.6","ZF0sNpmWeholRkv0nA6-x","0.0381","39","2026/5/28 15:52:54"
"comfyui-workflow-templates-media-video","0.3.42","zHlgLyTCpLcNgP5uVNKay","0.0604","61.9","2026/2/2 19:22:05"
"frozendict","2.4.7","ZiCuji7xU9U-9l7r4ewDg","0.0001","0.1","2026/5/20 14:00:23"
"wget","3.2","zJeNRw3ITW19K33IKhu1n","0","0","2026/5/20 14:00:23"
"torch","2.6.0+cu124","ZjSvbhv1PXWZMWlZtcvkO","4.3292","4433.1","2026/2/9 18:23:40"
"pydantic","2.7.0","zKBRhwGGg9oRgYlq4nOVX","0.0015","1.5","2026/5/20 14:00:22"
"yarl","1.22.0","zke1wYwNOig1ULgLMLiBQ","0.0003","0.3","2026/2/26 12:28:03"
"kiwisolver","1.4.9","ZkHmFIeMsLHu2Tc6r9RvI","0.0002","0.2","2026/2/9 16:59:06"
"exceptiongroup","1.3.1","zKIXZX_B5UzV6UYRGg4Au","0","0","2026/1/30 12:26:31"
"simsimd","6.5.13","Zkz24jTcDQjEGMzGjWVFZ","0.0002","0.2","2026/2/26 12:28:03"
"scipy","1.15.3","zladhmpY2iO5V4cfjQTgz","0.1128","115.5","2026/5/6 19:03:18"
"tqdm","4.67.1","zldhI5nl6mN6nYHl5tH21","0.0002","0.2","2026/5/6 19:02:51"
"google-auth-oauthlib","1.0.0","zpApiMYsAUSDBOSW8WCvp","0","0","2026/5/20 14:00:23"
"pillow","11.3.0","zqyMxGQ12SGDcBsqfp-4w","0.0134","13.7","2026/5/6 19:03:01"
"albucore","0.0.24","Zr_gJjdq0J9pCMAl57Da9","0.0001","0.1","2026/2/26 12:28:03"
"accelerate","1.12.0","zsrRxPSdUOMVcOinArqce","0.0014","1.4","2026/5/19 20:55:03"
"annotated-doc","0.0.4","ZtAokTkx1_4okI6pw4rgO","0","0","2026/2/26 12:28:04"
"exceptiongroup","1.3.0","ZvM_DYzsazQYs_Uq42pG9","0","0","2026/1/30 11:49:39"
"typeguard","4.4.4","zvNBAVbuaxHZaIDqdsQ-4","0.0001","0.1","2026/1/30 11:49:39"
"scipy","1.17.0","zx4_yoJLN693zilbDcDEk","0.1019","104.4","2026/2/9 17:01:05"
"cryptography","46.0.4","ZzluWeG5bUBxgsN5IGmxd","0.0089","9.1","2026/5/6 19:02:44"
"attrs","26.1.0","ZZQnwxYHxFoTYO8R7MIxf","0.0002","0.2","2026/5/20 14:00:22"
